DataProvider,OperatorInfo,UsageType,StatusType,SubmissionStatus,UserComments,PercentageSimilarity,MediaItems,IsRecentlyVerified,DateLastVerified,ID,UUID,ParentChargePointID,DataProviderID,DataProvidersReference,OperatorID,OperatorsReference,UsageTypeID,UsageCost,AddressInfo/ID,AddressInfo/Title,AddressInfo/AddressLine1,AddressInfo/AddressLine2,AddressInfo/Town,AddressInfo/StateOrProvince,AddressInfo/Postcode,AddressInfo/CountryID,AddressInfo/Country,AddressInfo/Latitude,AddressInfo/Longitude,AddressInfo/ContactTelephone1,AddressInfo/ContactTelephone2,AddressInfo/ContactEmail,AddressInfo/AccessComments,AddressInfo/RelatedURL,AddressInfo/Distance,AddressInfo/DistanceUnit,Connections/0/ID,Connections/0/ConnectionTypeID,Connections/0/ConnectionType,Connections/0/Reference,Connections/0/StatusTypeID,Connections/0/StatusType,Connections/0/LevelID,Connections/0/Level,Connections/0/Amps,Connections/0/Voltage,Connections/0/PowerKW,Connections/0/CurrentTypeID,Connections/0/CurrentType,Connections/0/Quantity,Connections/0/Comments,Connections/1/ID,Connections/1/ConnectionTypeID,Connections/1/ConnectionType,Connections/1/Reference,Connections/1/StatusTypeID,Connections/1/StatusType,Connections/1/LevelID,Connections/1/Level,Connections/1/Amps,Connections/1/Voltage,Connections/1/PowerKW,Connections/1/CurrentTypeID,Connections/1/CurrentType,Connections/1/Quantity,Connections/1/Comments,Connections/2/ID,Connections/2/ConnectionTypeID,Connections/2/ConnectionType,Connections/2/Reference,Connections/2/StatusTypeID,Connections/2/StatusType,Connections/2/LevelID,Connections/2/Level,Connections/2/Amps,Connections/2/Voltage,Connections/2/PowerKW,Connections/2/CurrentTypeID,Connections/2/CurrentType,Connections/2/Quantity,Connections/2/Comments,NumberOfPoints,GeneralComments,DatePlanned,DateLastConfirmed,StatusTypeID,DateLastStatusUpdate,MetadataValues,DataQualityLevel,DateCreated,SubmissionStatusTypeID,Connections/3/ID,Connections/3/ConnectionTypeID,Connections/3/ConnectionType,Connections/3/Reference,Connections/3/StatusTypeID,Connections/3/StatusType,Connections/3/LevelID,Connections/3/Level,Connections/3/Amps,Connections/3/Voltage,Connections/3/PowerKW,Connections/3/CurrentTypeID,Connections/3/CurrentType,Connections/3/Quantity,Connections/3/Comments
,,,,,,,,true,2021-03-08T19:25:00Z,173970,66115821-7A60-4291-923E-4D11912AAD7E,,1,,73,,1,€0.39/kWh,174329,EVBox fastcharger,Kallenbroekerweg,,Barneveld,Gelderland,3771DC,159,,52.14141141493823,5.567445005043965,,,,,,,0,268064,33,,,50,,3,,,,50,30,,1,,268065,2,,,50,,3,,,,50,30,,1,,268066,25,,,50,,2,,,,22,20,,1,,2,,,,50,2021-03-09T22:32:00Z,,1,2021-03-08T19:25:00Z,200,,,,,,,,,,,,,,,
,,,,,,,,true,2021-03-08T19:25:00Z,173970,66115821-7A60-4291-923E-4D11912AAD7E,,1,,73,,1,€0.39/kWh,174329,EVBox fastcharger,Kallenbroekerweg,,Barneveld,Gelderland,3771DC,159,,52.14141141493823,5.567445005043965,,,,,,,0,268064,33,,,50,,3,,,,50,30,,1,,268065,2,,,50,,3,,,,50,30,,1,,268066,25,,,50,,2,,,,22,20,,1,,2,,,,50,2021-03-09T22:32:00Z,,1,2021-03-08T19:25:00Z,200,,,,,,,,,,,,,,,
,,,,,,,,true,2021-03-07T18:44:00Z,173931,69E160CA-B1AB-460A-B8FF-96A71CEF1DDE,,1,,1,,1,free,174290, AVIA de Poel - Goes,77A Anthony Fokkerstraat,,Goes,Zeeland,4462ES,159,,51.49369149242824,3.881460649445785,,,,At Avia gas station and on the side of the wash box. Two 220v connectors,,,0,267648,0,,,50,,2,,9,220,11,10,,1,,,,,,,,,,,,,,,,,,,,,,,,,,,,,,,,1,,,,50,2021-03-08T10:45:00Z,,1,2021-03-07T18:44:00Z,200,,,,,,,,,,,,,,,
,,,,,,,,true,2021-03-07T18:44:00Z,173931,69E160CA-B1AB-460A-B8FF-96A71CEF1DDE,,1,,1,,1,free,174290, AVIA de Poel - Goes,77A Anthony Fokkerstraat,,Goes,Zeeland,4462ES,159,,51.49369149242824,3.881460649445785,,,,At Avia gas station and on the side of the wash box. Two 220v connectors,,,0,267648,0,,,50,,2,,9,220,11,10,,1,,,,,,,,,,,,,,,,,,,,,,,,,,,,,,,,1,,,,50,2021-03-08T10:45:00Z,,1,2021-03-07T18:44:00Z,200,,,,,,,,,,,,,,,
,,,,,,,,true,2021-03-07T18:44:00Z,173931,69E160CA-B1AB-460A-B8FF-96A71CEF1DDE,,1,,1,,1,free,174290, AVIA de Poel - Goes,77A Anthony Fokkerstraat,,Goes,Zeeland,4462ES,159,,51.49369149242824,3.881460649445785,,,,At Avia gas station and on the side of the wash box. Two 220v connectors,,,0,267648,0,,,50,,2,,9,220,11,10,,1,,,,,,,,,,,,,,,,,,,,,,,,,,,,,,,,1,,,,50,2021-03-08T10:45:00Z,,1,2021-03-07T18:44:00Z,200,,,,,,,,,,,,,,,
,,,,,,,,true,2021-03-07T18:44:00Z,173931,69E160CA-B1AB-460A-B8FF-96A71CEF1DDE,,1,,1,,1,free,174290, AVIA de Poel - Goes,77A Anthony Fokkerstraat,,Goes,Zeeland,4462ES,159,,51.49369149242824,3.881460649445785,,,,At Avia gas station and on the side of the wash box. Two 220v connectors,,,0,267648,0,,,50,,2,,9,220,11,10,,1,,,,,,,,,,,,,,,,,,,,,,,,,,,,,,,,1,,,,50,2021-03-08T10:45:00Z,,1,2021-03-07T18:44:00Z,200,,,,,,,,,,,,,,,
,,,,,,,,true,2021-03-07T18:44:00Z,173931,69E160CA-B1AB-460A-B8FF-96A71CEF1DDE,,1,,1,,1,free,174290, AVIA de Poel - Goes,77A Anthony Fokkerstraat,,Goes,Zeeland,4462ES,159,,51.49369149242824,3.881460649445785,,,,At Avia gas station and on the side of the wash box. Two 220v connectors,,,0,267648,0,,,50,,2,,9,220,11,10,,1,,,,,,,,,,,,,,,,,,,,,,,,,,,,,,,,1,,,,50,2021-03-08T10:45:00Z,,1,2021-03-07T18:44:00Z,200,,,,,,,,,,,,,,,
,,,,,,,,true,2021-03-07T18:44:00Z,173931,69E160CA-B1AB-460A-B8FF-96A71CEF1DDE,,1,,1,,1,free,174290, AVIA de Poel - Goes,77A Anthony Fokkerstraat,,Goes,Zeeland,4462ES,159,,51.49369149242824,3.881460649445785,,,,At Avia gas station and on the side of the wash box. Two 220v connectors,,,0,267648,0,,,50,,2,,9,220,11,10,,1,,,,,,,,,,,,,,,,,,,,,,,,,,,,,,,,1,,,,50,2021-03-08T10:45:00Z,,1,2021-03-07T18:44:00Z,200,,,,,,,,,,,,,,,
,,,,,,,,true,2021-03-07T18:44:00Z,173931,69E160CA-B1AB-460A-B8FF-96A71CEF1DDE,,1,,1,,1,free,174290, AVIA de Poel - Goes,77A Anthony Fokkerstraat,,Goes,Zeeland,4462ES,159,,51.49369149242824,3.881460649445785,,,,At Avia gas station and on the side of the wash box. Two 220v connectors,,,0,267648,0,,,50,,2,,9,220,11,10,,1,,,,,,,,,,,,,,,,,,,,,,,,,,,,,,,,1,,,,50,2021-03-08T10:45:00Z,,1,2021-03-07T18:44:00Z,200,,,,,,,,,,,,,,,
,,,,,,,,true,2021-03-07T18:44:00Z,173931,69E160CA-B1AB-460A-B8FF-96A71CEF1DDE,,1,,1,,1,free,174290, AVIA de Poel - Goes,77A Anthony Fokkerstraat,,Goes,Zeeland,4462ES,159,,51.49369149242824,3.881460649445785,,,,At Avia gas station and on the side of the wash box. Two 220v connectors,,,0,267648,0,,,50,,2,,9,220,11,10,,1,,,,,,,,,,,,,,,,,,,,,,,,,,,,,,,,1,,,,50,2021-03-08T10:45:00Z,,1,2021-03-07T18:44:00Z,200,,,,,,,,,,,,,,,
,,,,,,,,true,2021-03-07T18:44:00Z,173931,69E160CA-B1AB-460A-B8FF-96A71CEF1DDE,,1,,1,,1,free,174290, AVIA de Poel - Goes,77A Anthony Fokkerstraat,,Goes,Zeeland,4462ES,159,,51.49369149242824,3.881460649445785,,,,At Avia gas station and on the side of the wash box. Two 220v connectors,,,0,267648,0,,,50,,2,,9,220,11,10,,1,,,,,,,,,,,,,,,,,,,,,,,,,,,,,,,,1,,,,50,2021-03-08T10:45:00Z,,1,2021-03-07T18:44:00Z,200,,,,,,,,,,,,,,,
,,,,,,,,true,2021-03-07T18:44:00Z,173931,69E160CA-B1AB-460A-B8FF-96A71CEF1DDE,,1,,1,,1,free,174290, AVIA de Poel - Goes,77A Anthony Fokkerstraat,,Goes,Zeeland,4462ES,159,,51.49369149242824,3.881460649445785,,,,At Avia gas station and on the side of the wash box. Two 220v connectors,,,0,267648,0,,,50,,2,,9,220,11,10,,1,,,,,,,,,,,,,,,,,,,,,,,,,,,,,,,,1,,,,50,2021-03-08T10:45:00Z,,1,2021-03-07T18:44:00Z,200,,,,,,,,,,,,,,,
,,,,,,,,true,2021-03-05T11:48:00Z,173900,2CF47245-BB7F-4973-8F7C-7E058F991C8F,,1,,103,,4,,174259,Ab en van de Schelde Nissan dealer,Nikolaus Ottostraat,,Zwolle,Overijssel,8013NG,159,,52.49450730013044,6.122473470318141,,,,no gate,,,0,267520,2,,,50,,3,,,,50,30,,1,,267521,33,,,50,,3,,,,50,30,,1,,267522,25,,,50,,2,,,,22,,,1,,1,,,,50,2021-03-05T18:16:00Z,,1,2021-03-05T11:48:00Z,200,,,,,,,,,,,,,,,
,,,,,,,,true,2021-03-05T11:48:00Z,173900,2CF47245-BB7F-4973-8F7C-7E058F991C8F,,1,,103,,4,,174259,Ab en van de Schelde Nissan dealer,Nikolaus Ottostraat,,Zwolle,Overijssel,8013NG,159,,52.49450730013044,6.122473470318141,,,,no gate,,,0,267520,2,,,50,,3,,,,50,30,,1,,267521,33,,,50,,3,,,,50,30,,1,,267522,25,,,50,,2,,,,22,,,1,,1,,,,50,2021-03-05T18:16:00Z,,1,2021-03-05T11:48:00Z,200,,,,,,,,,,,,,,,
,,,,,,,,true,2021-03-05T11:48:00Z,173900,2CF47245-BB7F-4973-8F7C-7E058F991C8F,,1,,103,,4,,174259,Ab en van de Schelde Nissan dealer,Nikolaus Ottostraat,,Zwolle,Overijssel,8013NG,159,,52.49450730013044,6.122473470318141,,,,no gate,,,0,267520,2,,,50,,3,,,,50,30,,1,,267521,33,,,50,,3,,,,50,30,,1,,267522,25,,,50,,2,,,,22,,,1,,1,,,,50,2021-03-05T18:16:00Z,,1,2021-03-05T11:48:00Z,200,,,,,,,,,,,,,,,
,,,,,,,,true,2021-03-05T10:15:00Z,173893,E564B27E-9773-48D9-A9D7-0920F14988CD,,1,,103,,4,,174252,Ab en van de Schelde Nissan dealer,Nikolaus Ottostraat,,Zwolle,Overijssel,8013NG,159,,52.49450730013044,6.122473470318141,,,,no gate,,,0,267507,2,,,50,,3,,,,50,30,,1,,267508,33,,,50,,3,,,,50,30,,1,,267509,25,,,50,,2,,,,22,,,1,,1,,,,50,2021-03-05T18:01:00Z,,1,2021-03-05T10:15:00Z,200,,,,,,,,,,,,,,,
,,,,,,,,true,2021-03-05T10:15:00Z,173893,E564B27E-9773-48D9-A9D7-0920F14988CD,,1,,103,,4,,174252,Ab en van de Schelde Nissan dealer,Nikolaus Ottostraat,,Zwolle,Overijssel,8013NG,159,,52.49450730013044,6.122473470318141,,,,no gate,,,0,267507,2,,,50,,3,,,,50,30,,1,,267508,33,,,50,,3,,,,50,30,,1,,267509,25,,,50,,2,,,,22,,,1,,1,,,,50,2021-03-05T18:01:00Z,,1,2021-03-05T10:15:00Z,200,,,,,,,,,,,,,,,
,,,,,,,,true,2021-03-05T10:15:00Z,173893,E564B27E-9773-48D9-A9D7-0920F14988CD,,1,,103,,4,,174252,Ab en van de Schelde Nissan dealer,Nikolaus Ottostraat,,Zwolle,Overijssel,8013NG,159,,52.49450730013044,6.122473470318141,,,,no gate,,,0,267507,2,,,50,,3,,,,50,30,,1,,267508,33,,,50,,3,,,,50,30,,1,,267509,25,,,50,,2,,,,22,,,1,,1,,,,50,2021-03-05T18:01:00Z,,1,2021-03-05T10:15:00Z,200,,,,,,,,,,,,,,,
,,,,,,,,true,2021-03-05T10:15:00Z,173893,E564B27E-9773-48D9-A9D7-0920F14988CD,,1,,103,,4,,174252,Ab en van de Schelde Nissan dealer,Nikolaus Ottostraat,,Zwolle,Overijssel,8013NG,159,,52.49450730013044,6.122473470318141,,,,no gate,,,0,267507,2,,,50,,3,,,,50,30,,1,,267508,33,,,50,,3,,,,50,30,,1,,267509,25,,,50,,2,,,,22,,,1,,1,,,,50,2021-03-05T18:01:00Z,,1,2021-03-05T10:15:00Z,200,,,,,,,,,,,,,,,
,,,,,,,,true,2021-03-05T10:15:00Z,173893,E564B27E-9773-48D9-A9D7-0920F14988CD,,1,,103,,4,,174252,Ab en van de Schelde Nissan dealer,Nikolaus Ottostraat,,Zwolle,Overijssel,8013NG,159,,52.49450730013044,6.122473470318141,,,,no gate,,,0,267507,2,,,50,,3,,,,50,30,,1,,267508,33,,,50,,3,,,,50,30,,1,,267509,25,,,50,,2,,,,22,,,1,,1,,,,50,2021-03-05T18:01:00Z,,1,2021-03-05T10:15:00Z,200,,,,,,,,,,,,,,,
,,,,,,,,true,2021-03-05T10:15:00Z,173893,E564B27E-9773-48D9-A9D7-0920F14988CD,,1,,103,,4,,174252,Ab en van de Schelde Nissan dealer,Nikolaus Ottostraat,,Zwolle,Overijssel,8013NG,159,,52.49450730013044,6.122473470318141,,,,no gate,,,0,267507,2,,,50,,3,,,,50,30,,1,,267508,33,,,50,,3,,,,50,30,,1,,267509,25,,,50,,2,,,,22,,,1,,1,,,,50,2021-03-05T18:01:00Z,,1,2021-03-05T10:15:00Z,200,,,,,,,,,,,,,,,
,,,,,,,,true,2021-03-05T10:15:00Z,173893,E564B27E-9773-48D9-A9D7-0920F14988CD,,1,,103,,4,,174252,Ab en van de Schelde Nissan dealer,Nikolaus Ottostraat,,Zwolle,Overijssel,8013NG,159,,52.49450730013044,6.122473470318141,,,,no gate,,,0,267507,2,,,50,,3,,,,50,30,,1,,267508,33,,,50,,3,,,,50,30,,1,,267509,25,,,50,,2,,,,22,,,1,,1,,,,50,2021-03-05T18:01:00Z,,1,2021-03-05T10:15:00Z,200,,,,,,,,,,,,,,,
,,,,,,,,true,2021-03-05T10:13:00Z,173892,CBED4444-AFF9-4763-87F8-DE4235F01242,,1,,103,,4,,174251,Ab en van de Schelde Nissan dealer,Nikolaus Ottostraat,,Zwolle,Overijssel,8013NG,159,,52.49450730013044,6.122473470318141,,,,no gate,,,0,267504,2,,,50,,3,,,,50,30,,1,,267505,33,,,50,,3,,,,50,30,,1,,267506,25,,,50,,2,,,,22,,,1,,1,,,,50,2021-03-07T20:26:00Z,,1,2021-03-05T10:13:00Z,200,,,,,,,,,,,,,,,
,,,,,,,,false,,171439,E7455289-B18B-4B50-B043-881CF753000C,,1,,179,,1,"€0,33/kWh",171798,Van Musschenbroekstraat,Van Musschenbroekstraat,,The Hague,South Holland,2522AP,159,,52.065035901097986,4.329579515997125,0884848517,,,,,,0,262105,25,,,50,,2,,,,22,20,,2,,,,,,,,,,,,,,,,,,,,,,,,,,,,,,,,1,,,,50,2021-01-02T19:35:00Z,,1,2021-01-02T01:24:00Z,200,,,,,,,,,,,,,,,
,,,,,,,,false,,171094,95A3C2D7-291C-45CB-B23A-E85D0EEA3C9E,,1,,23,55365,4,€0.25/kWh; andere tarieven voor oudere auto's,171453,Meerkerk Supercharger,Energieweg 116 Meerkerk,,Utrecht,,4231 DJ,159,,51.899517,4.982968,,,,,,,0,261438,27,,,50,,3,,,,120,30,,16,,,,,,,,,,,,,,,,,,,,,,,,,,,,,,,,16,"Charging16 Superchargers, available 24/7, up to 250kW",,,50,2020-12-20T06:32:00Z,,1,2020-12-20T06:32:00Z,200,,,,,,,,,,,,,,,
,,,,,,,,false,,171086,EBF908D8-F21C-49F2-9369-E1C65891FB5B,,1,,23,55368,4,,171445,Carlton President Hotel,25 Floraweg,,Utrecht,,3542DX ,159,,52.12049127,5.03869943,+31 30 241 41 82,,,,,,0,261430,30,,,50,,2,,,,11,20,,4,,,,,,,,,,,,,,,,,,,,,,,,,,,,,,,,4,"4 Tesla Connectors, up to 11kW.Available for customers. Please call ahead.",,,50,2020-12-20T06:30:00Z,,1,2020-12-20T06:30:00Z,200,,,,,,,,,,,,,,,
,,,,,,,,false,,171081,63E6DE4F-A323-46D8-9EE9-763F59066DBB,,1,,1,,1,,171440,Waterfront,Waterfront,,Eindhoven,North Brabant,5658NN,159,,51.439800399682724,5.40194946392603,,,,,,,0,261417,25,,,50,,2,,,,22,20,,2,,,,,,,,,,,,,,,,,,,,,,,,,,,,,,,,1,,,,50,2020-12-20T11:07:00Z,,1,2020-12-19T11:37:00Z,200,,,,,,,,,,,,,,,
,,,,,,,,false,,171080,23C8158A-D54B-4B92-AC02-B2C9346F72AD,,1,,103,"NLALLEGO004909,NLALLEGO003084",1,"0,37 €/ kWh",171439,4 charge points Waterrijk,Waterlinie,Strijp,Eindhoven,North Brabant,5658ND,159,,51.435549864472904,5.395050952476026,,,,,,,0,261416,25,,,50,,2,,16,400,11,20,,4,,,,,,,,,,,,,,,,,,,,,,,,,,,,,,,,4,,,,50,2020-12-20T15:53:00Z,,1,2020-12-19T11:14:00Z,200,,,,,,,,,,,,,,,
,,,,,,,,false,,170946,6C30E899-DAAE-43EE-B55A-8A3B6494ADAC,,1,,103,,1,,171305,Rosariumstraat,Rosariumstraat,,Zwolle,,8043PX,159,,52.525242027120925,6.070279269660773,,,,,,,0,261175,25,,,50,,2,,,,11,,,2,,,,,,,,,,,,,,,,,,,,,,,,,,,,,,,,2,,,,50,2020-12-13T18:15:00Z,,1,2020-12-13T07:44:00Z,200,,,,,,,,,,,,,,,
,,,,,,,,false,,170757,29975DB9-0331-46B4-AE92-5646DB5FCC02,,1,,180,,1,,171116,Willibrordus Business Center,Kennemerstraatweg 464,,Heiloo,NH,1851 NG,159,,52.59565598875008,4.709053203057465,,,,,,,0,260887,25,,,50,,2,,16,400,11,20,,10,,,,,,,,,,,,,,,,,,,,,,,,,,,,,,,,10,,,,50,2020-12-08T18:30:00Z,,1,2020-12-08T12:09:00Z,200,,,,,,,,,,,,,,,
,,,,,,,,false,,170696,91DC78ED-334B-4A46-AC11-09EFE0AF55B0,,1,,1,,4,"€0,30/kWh",171055,Dcb energy hub Schiphol,Changing Lane 10,,Hoofddorp,North-Holland,,159,,52.271121182830655,4.69533813882299,,,,,,,0,260696,2,,,50,,3,,,,150,30,,3,,260697,33,,,50,,3,,,,150,30,,3,,260698,33,,,50,,3,,,,50,30,,7,,10,,,,50,2020-12-06T17:40:00Z,,1,2020-12-05T14:15:00Z,200,260699,2,,,50,,3,,,,50,30,,7,
,,,,,,,,false,,170569,9313E327-F050-449B-A8A0-5FADB5BC370B,,1,,1,,2,,170928,Flitsmeister,Landjuweel 24,,Veenendaal,Utrecht,3905PE,159,,52.039305597053925,5.550275138520533,,,,The charging pole on the left side when entering parking is restricted to employees only and will not operate on public charging cards.,,,0,260369,25,,,50,,2,,16,230,3.6,10,,2,,,,,,,,,,,,,,,,,,,,,,,,,,,,,,,,2,,,,50,2020-12-02T16:01:00Z,,1,2020-12-01T15:25:00Z,200,,,,,,,,,,,,,,,
,,,,,,,,false,,170568,D485AFBC-D22C-4855-A65C-047B24CFCB74,,1,,1,,6,,170927,24 Landjuweel,24 Landjuweel,,Veenendaal,Utrecht,3905PG,159,,52.03925546403201,5.550582310882078,,,,,,,0,260368,25,,,50,,2,,16,230,11,20,,2,,,,,,,,,,,,,,,,,,,,,,,,,,,,,,,,2,,,,50,2020-12-02T16:00:00Z,,1,2020-12-01T15:22:00Z,200,,,,,,,,,,,,,,,
,,,,,,,,false,,170229,4DE679CF-EC96-40CF-835E-5A954E5D106D,,1,,23,34791,4,€0.25/kWh; andere tarieven voor oudere auto's,170588,Zuidbroek,Burgemeester Otmaweg 2,,Zuidbroek,,9636 EM,159,,53.169567,6.852949,,,,,,,0,259569,27,,,50,,3,,,,120,30,,8,,,,,,,,,,,,,,,,,,,,,,,,,,,,,,,,8,"Charging8 superchargers, available 24/7, up to 250kW",,,50,2020-11-21T06:56:00Z,,1,2020-11-21T06:56:00Z,200,,,,,,,,,,,,,,,
,,,,,,,,false,,169959,D0C19B71-39F6-4FA4-B924-825D0EDF0165,,1,,1,,4,,170318,Parking banjaardstrand,Parking banjaardstrand,,Noord-Beveland,Zeeland,4493RA,159,,51.590606301790416,3.6629008999134385,,,,,,,0,259007,25,,Agrisnellaad,50,,2,,32,400,22,20,,8,,,,,,,,,,,,,,,,,,,,,,,,,,,,,,,,8,,,,50,2020-11-15T10:41:00Z,,1,2020-11-15T03:23:00Z,200,,,,,,,,,,,,,,,
,,,,,,,,false,,169654,35EAEABA-CBE1-427A-9A66-658BF15884ED,,1,,1,,4,,170013,Graaf Adolfstraat,Graaf Adolfstraat,Nieuwerbrug aan den Rijn,,Zuid-Holland,2415AL,159,,52.077645597481876,4.820435944502833,,,,,,,0,258297,25,,,50,,2,,16,230,11,20,,2,,,,,,,,,,,,,,,,,,,,,,,,,,,,,,,,2,,,,50,2020-10-29T07:32:00Z,,1,2020-10-28T12:56:00Z,200,,,,,,,,,,,,,,,
,,,,,,,,false,,169309,A058C3A8-45C0-4A37-9F14-ADE130D703AB,,1,,23,54677,4,€0.25/kWh; andere tarieven voor oudere auto's,169668,Leusden Supercharger,Philipsstraat Leusden 18,,Utrecht,UT,3833,159,,52.144022,5.416976,,,,,,,0,257602,27,,,50,,3,,,,120,30,,12,,,,,,,,,,,,,,,,,,,,,,,,,,,,,,,,12,"12 Superchargers, 250 kW available 24/7",,,50,2020-10-14T05:34:00Z,,1,2020-10-14T05:34:00Z,200,,,,,,,,,,,,,,,
,,,,,,,,false,,169300,9DE7D0C9-BA77-42B1-8DA4-03B95CFC8A5B,,1,,23,54678,4,€0.25/kWh; andere tarieven voor oudere auto's,169659,Uden Supercharger,Rondweg 2,,Uden,,,159,,51.671308,5.60267,,,,,,,0,257593,27,,,50,,3,,,,120,30,,12,,,,,,,,,,,,,,,,,,,,,,,,,,,,,,,,12,"12 Superchargers, 250 kW available 24/7",,,50,2020-10-14T05:32:00Z,,1,2020-10-14T05:32:00Z,200,,,,,,,,,,,,,,,
,,,,,,,,false,,167143,4F8CD1B0-6197-40BE-8AC5-5D99B88636D9,,1,,,,1,Euro 0.55 kwh,167502,Boekhorstlaan 4,3847 LP,,Harderwijk,Gelderland,3847 LP,159,,52.33570233192614,5.643056566499581,,,info@tango.nl,opposite Burger King,http://www.tango.nl/electric,,0,253114,33,,,50,,2,,,,80,10,,,,,,,,,,,,,,,,,,,,,,,,,,,,,,,,,,2,,,,50,2020-08-27T15:22:00Z,,1,2020-08-27T15:20:00Z,100,,,,,,,,,,,,,,,
,,,,,,,,false,,163019,C885AE1E-3ADE-416C-B42E-3B3BB9AC3655,,1,,103,,4,"0,29 Euro/ kWh (incl BTW)",163376,"Achterweg 1, Onderdendam",Achterweg 1,,Onderdendam,Groningen,9959 PC,159,,53.3353029,6.5879694,,,,,,,0,234571,25,,,50,,2,,16,400,11,20,,2,,,,,,,,,,,,,,,,,,,,,,,,,,,,,,,,1,,,,50,2020-08-21T07:02:00Z,,1,2020-08-19T09:23:00Z,200,,,,,,,,,,,,,,,
,,,,,,,,false,,162620,5EEFFA56-457A-4999-B680-1D70F99BC984,,1,,108,,1,€0.34/kWh,162977,9 Doornkampsteeg,9 Doornkampsteeg,,'s-Hertogenbosch,North Brabant,5236BB,159,,51.733641519305564,5.328723169128807,,,,,,,0,234061,25,,,50,,2,,32,400,22,20,,2,,,,,,,,,,,,,,,,,,,,,,,,,,,,,,,,2,,,,50,2020-08-13T07:41:00Z,,1,2020-08-12T15:22:00Z,200,,,,,,,,,,,,,,,
,,,,,,,,false,,162393,729A5A24-793A-4373-88BE-C3D92F9E8316,,1,,108,,5,,162750,Wolkammersstraat,Wolkammersstraat,Sneek,Súdwest-Fryslân,Friesland,8601VB,159,,53.034881824005396,5.622067875116045,,,,,,,0,233733,33,,,50,,3,,,,50,30,,1,,233734,2,,,50,,3,,,,50,30,,1,,233735,1036,,,50,,3,,,,43,30,,1,,2,,,,50,2020-08-08T15:22:00Z,,1,2020-08-07T11:38:00Z,200,,,,,,,,,,,,,,,
,,,,,,,,false,,162363,80E8E2BF-FB06-43AA-B59A-749122A3FDF4,,1,,73,,1,,162720,Koningin Emmaplein 15,Koningin Emmaplein 15,,Rotterdam,,3015AB,159,,51.910371730587144,4.474995764763207,,,,,,,0,233696,25,,,50,,2,,16,400,11,20,,2,,,,,,,,,,,,,,,,,,,,,,,,,,,,,,,,1,,,,50,2020-08-07T07:28:00Z,,1,2020-08-07T04:50:00Z,200,,,,,,,,,,,,,,,
,,,,,,,,false,,162362,CBF1327D-F018-4B4F-AA50-179F1E7EDA12,,1,,73,,1,,162719,Van Vollenhovenstraat 3,Van Vollenhovenstraat 3,,Rotterdam,South Holland,3016BH,159,,51.910460915596104,4.477087146797885,,,,,,,0,233695,25,,,50,,2,,16,400,11,20,,2,,,,,,,,,,,,,,,,,,,,,,,,,,,,,,,,1,,,,50,2020-08-07T07:30:00Z,,1,2020-08-07T04:47:00Z,200,,,,,,,,,,,,,,,
,,,,,,,,false,,162064,4AD2BE24-2AD6-4DFE-8298-C69202948ED6,,1,,108,,1,,162421,Honthorststraat,Honthorststraat 46,,Amsterdam,Noord-Holland,1071DH,159,,52.35769059255907,4.88575757377555,,,,,,,0,233252,25,,,50,,2,,16,400,11,20,,2,,,,,,,,,,,,,,,,,,,,,,,,,,,,,,,,2,,,,50,2020-08-04T18:17:00Z,,1,2020-08-01T10:57:00Z,200,,,,,,,,,,,,,,,
,,,,,,,,false,,161875,4F9A83B2-B1D8-4734-82D3-FBD75D0FCAE8,,1,,23,54156,4,€0.25/kWh; andere tarieven voor oudere auto's,162232,Middelburg Supercharger,Paukenweg 3,,Middelburg,,4337 WH,159,,51.480275,3.636485,,,,,,,0,232972,27,,,50,,3,,,,120,30,,2,,,,,,,,,,,,,,,,,,,,,,,,,,,,,,,,8,"Charging8 Superchargers, available 24/7, up to 250kW",,,50,2021-01-07T06:55:00Z,,1,2020-07-27T14:47:00Z,200,,,,,,,,,,,,,,,
,,,,,,,,false,,161853,6F621CC5-7E65-4250-9353-AFC8A3F6B09A,,1,,3392,,5,,162210,Shell Rotterdam,48 Stadionweg,,Rotterdam,South Holland,3078HV,159,,51.89464168918698,4.530835616649711,,,,,,,0,232908,33,,,50,,3,,,,50,30,,2,,232909,2,,,50,,3,,,,50,30,,2,,232910,1036,,,50,,2,,,,43,,,2,,2,,,,50,2020-07-27T13:51:00Z,,1,2020-07-27T11:17:00Z,200,,,,,,,,,,,,,,,
,,,,,,,,false,,161638,45CCCC21-9252-4ED7-9F79-68F16A0ABFFC,,1,,23,54120,4,€0.25/kWh; andere tarieven voor oudere auto's,161995,Akersloot Supercharger,Geesterweg 1a,,Akersloot,,1921 NV,159,,52.547541,4.722741,,,,,,,0,232600,27,,,50,,3,,,,120,30,,8,,,,,,,,,,,,,,,,,,,,,,,,,,,,,,,,8,"Charging8 Superchargers, available 24/7, up to 250kW",,,50,2020-07-19T05:32:00Z,,1,2020-07-19T05:32:00Z,200,,,,,,,,,,,,,,,
,,,,,,,,false,,161618,D2A654E9-409C-433F-898C-1DAEDA854763,,1,,63,,4,,161975,3 Waterschapstraat,3 Waterschapstraat,,Alkmaar,North Holland,1821AR,159,,52.630213224208035,4.757845411660696,,,,,,,0,232577,25,,,50,,2,,32,400,22,20,,2,"Parking permit required while charging. One spot reserved for charging, two sockets available.",,,,,,,,,,,,,,,,,,,,,,,,,,,,,,,1,,,,50,2020-07-20T18:43:00Z,,1,2020-07-18T11:14:00Z,200,,,,,,,,,,,,,,,
,,,,,,,,false,,161434,5209AEEC-BD10-4F74-87A8-01F2649ACF58,,1,,23,54038,4,€0.25/kWh; andere tarieven voor oudere auto's,161791,Apeldoorn Oost Supercharger,Landgoedlaan 26,,Apeldoorn,,7325 AW,159,,52.204703,6.016104,,,,,,,0,232332,27,,,50,,3,,,,120,30,,20,,,,,,,,,,,,,,,,,,,,,,,,,,,,,,,,20,"Charging12 Superchargers, available 24/7, up to 250kW",,,50,2020-12-20T06:34:00Z,,1,2020-07-12T05:32:00Z,200,,,,,,,,,,,,,,,
,,,,,,,,false,,161381,6F242282-A986-4CAA-8F4A-C8CE2FB88536,,1,,3387,,1,"€0,34/kWh",161738,IJsvogelstraat,IJsvogelstraat 34,,Aalsmeer,,1431 VS,159,,52.25563301923523,4.7599020794293665,,,,,,,0,232250,25,,,75,,2,,,400,17,20,,1,,232272,25,,,50,,2,,,230,5.8,10,,3,,,,,,,,,,,,,,,,,4,Mostly blocked by fuel burners,,,75,2020-07-10T17:07:00Z,,1,2020-07-10T07:26:00Z,200,,,,,,,,,,,,,,,
,,,,,,,,false,,161270,3C375090-120E-42E1-8F1E-2ECD04200272,,1,,23,43541,4,€0.25/kWh; andere tarieven voor oudere auto's,161627,Rijswijk Supercharger,Laan Van Hoornwijck 29,,Rijswijk,,2289 DG ,159,,52.048276,4.349078,,,,,,,0,232044,27,,,50,,3,,,,120,30,,18,,,,,,,,,,,,,,,,,,,,,,,,,,,,,,,,18,"Charging12 superchargers, available 24/7, up to 250kW",,,50,2021-01-09T06:44:00Z,,1,2020-07-08T05:28:00Z,200,,,,,,,,,,,,,,,
,,,,,,,,false,,157470,4F46FC51-E895-4AD8-B2FB-0820F7705133,,1,,108,,1,,157824,Zebrakever,Zebrakever,,Son en Breugel,North Brabant,5692VG,159,,51.53141911337636,5.48762993293019,,,,,,,0,226833,25,,,50,,2,,,,11,,,2,,,,,,,,,,,,,,,,,,,,,,,,,,,,,,,,2,,,,50,2020-06-09T06:22:00Z,,1,2020-06-08T17:34:00Z,200,,,,,,,,,,,,,,,
,,,,,,,,false,,157452,0BAB41E1-9C4D-471D-9EB8-5D99B7108AEA,,1,,108,,1,,157806,Rooijseweg,Rooijseweg,,Son en Breugel,North Brabant,5691ZV,159,,51.5243917,5.4910909,,,,,http://www.sporthalson.nl/,,0,226807,25,,,50,,2,,,,11,,,2,,,,,,,,,,,,,,,,,,,,,,,,,,,,,,,,2,,,,50,2020-06-08T10:39:00Z,,1,2020-06-07T17:09:00Z,200,,,,,,,,,,,,,,,
,,,,,,,,false,,157325,17D4898A-C9BD-4389-B4CD-0865038C03AB,,1,,103,NLALLEGO001652,1,"0,37 €/ kWh",157679,Koningsweg 26,Koningsweg 26,Vriezenveen,Twenterand,Overijssel,7672GD,159,,52.41508160721338,6.621509916866216,,,,,,,0,226594,25,,,50,,2,,,,11,,,2,,,,,,,,,,,,,,,,,,,,,,,,,,,,,,,,2,,,,50,2020-05-29T08:19:00Z,,1,2020-05-28T11:35:00Z,200,,,,,,,,,,,,,,,
,,,,,,,,false,,156061,487AF704-B899-414A-BB43-0476A9C41BE2,,1,,3387,,1,,156415,Dadelgaarde 28,Dadelgaarde 28,,Zoetermeer,Zuid-Holland,2723 BK,159,,52.059905953834345,4.515953744973444,,,,,,,0,219663,25,,,50,,2,,,,11,,,,,,,,,,,,,,,,,,,,,,,,,,,,,,,,,,,2,,,,50,2020-05-05T06:06:00Z,,1,2020-05-04T16:00:00Z,200,,,,,,,,,,,,,,,
,,,,,,,,false,,156060,53BCC01F-ABEF-4465-AFE3-C18456ECAE1B,,1,,3394,9780acc2-bda7-11e9-8013-42010a840011,1,"€0,22/kWh; andere tarieven beschikbaar",156414,Gaardedreef 45,Gaardedreef 45,,Zoetermeer,Zuid-Holland ,,159,,52.05951900533063,4.512890914411173,,,,,,,0,219662,25,,,50,,2,,32,400,22,20,,2,,,,,,,,,,,,,,,,,,,,,,,,,,,,,,,,2,,,,50,2020-05-06T11:14:00Z,,1,2020-05-04T15:54:00Z,200,,,,,,,,,,,,,,,
,,,,,,,,false,,155570,60CA7FBF-E10D-4200-B02D-C7791C069306,,1,,73,,1,0.30,155924,15 Maaslandstraat,15 Maaslandstraat,,Oisterwijk,North Brabant,5061XP,159,,51.58392882792006,5.208350056368886,,,,,,,0,260657,25,,,50,,2,,16,400,11,20,,1,,,,,,,,,,,,,,,,,,,,,,,,,,,,,,,,1,,,,50,2020-12-18T19:55:00Z,,1,2020-04-19T11:05:00Z,200,,,,,,,,,,,,,,,
,,,,,,,,false,,155148,99A4A901-B33D-4CAD-91C4-9FE70A7AB1FD,,1,,3387,,4,"€0,34/kWh",155502,Onderdreef 1A,Onderdreef,,Buren,Gelderland,4116CC,159,,51.91202628008102,5.331636984511761,,,,,,,0,218388,25,,,50,,2,,32,,22,20,,6,,,,,,,,,,,,,,,,,,,,,,,,,,,,,,,,6,,,,50,2020-03-29T09:32:00Z,,1,2020-03-28T22:05:00Z,200,,,,,,,,,,,,,,,
,,,,,,,,false,,154912,739ACF7C-22A8-4EC6-A8E4-D1259E04287E,,1,,73,,4,,155265,Sowetostraat 2,Sowetostraat 2,,Delft,Zuid-Holland,2622LA,159,,51.981313294692,4.338029529359346,,,,,,,0,218014,25,,,50,,2,,,,11,20,,2,,,,,,,,,,,,,,,,,,,,,,,,,,,,,,,,2,,,,50,2020-03-22T08:55:00Z,,1,2020-03-21T08:46:00Z,200,,,,,,,,,,,,,,,
,,,,,,,,false,,154843,6F103C5F-1C03-45AD-A619-7F261F38375B,,1,,103,,1,"€0,35 per kWh",155196,Enkplein 2,Enkplein,,Velp,Gelderland,6881MG,159,,51.99904825178032,5.968128500752073,,,,,https://allego.eu,,0,217906,25,,,50,,2,,,,11,20,,2,,,,,,,,,,,,,,,,,,,,,,,,,,,,,,,,1,Allego charger with Dual Mennekes,,,50,2020-03-21T08:14:00Z,,1,2020-03-20T11:28:00Z,200,,,,,,,,,,,,,,,
,,,,,,,,false,,149869,93F63687-6E2D-4A13-A862-3308B131708C,,1,,108,,1,,150222,Schuddebeursstraat,Schuddebeursstraat 90,,Zoetermeer,Zuid-Holland,2729LX,159,,52.061878017790576,4.539799144399467,,,,,,,0,208087,25,,,50,,2,,32,400,22,20,,2,,,,,,,,,,,,,,,,,,,,,,,,,,,,,,,,2,,,,50,2020-03-07T18:59:00Z,,1,2020-03-07T17:14:00Z,200,,,,,,,,,,,,,,,
,,,,,,,,false,,149536,7C6F0262-C042-4992-A5FA-AB5837E2305D,,1,,3387,,4,"DC: €0,70/kWh AC: €0,34/kWh",149889,Agri SnelTank,Hudsonweg 12,,Goes,Zeeland,4462HJ,159,,51.483224893636816,3.894598537953584,,,,,,,0,207614,2,,,50,,3,,,,50,30,,1,,207615,33,,,50,,3,,,,50,30,,1,,207626,25,,,50,,2,,32,400,22,20,,2,,3,,,,50,2020-02-28T08:08:00Z,,1,2020-02-27T17:03:00Z,200,,,,,,,,,,,,,,,
,,,,,,,,false,,149457,BA20911F-4A23-45AE-B70D-109C8A555132,,1,,108,,1,"€0,34/kWh",149810,Argonautenstraat 19,Argonautenstraat 19,,Amsterdam,North Holland,1076KJ,159,,52.34361035307606,4.860980473843256,,,,,,,0,207503,25,,,50,,2,,,,11,20,,2,,,,,,,,,,,,,,,,,,,,,,,,,,,,,,,,2,,,,50,2020-02-26T16:08:00Z,,1,2020-02-26T13:50:00Z,200,,,,,,,,,,,,,,,
,,,,,,,,false,,148645,7228A2D6-B50D-436F-B30D-4D04FBB705B5,,1,,63,,4,,148997,Oudorperdijkje,Oudorperdijkje,,Alkmaar,North Holland,1821AP,159,,52.628374784191664,4.760675819920607,,,,,,,0,206400,25,,,50,,2,,,,22,20,,2,,,,,,,,,,,,,,,,,,,,,,,,,,,,,,,,2,,,,50,2020-02-09T18:04:00Z,,1,2020-02-08T11:34:00Z,200,,,,,,,,,,,,,,,
,,,,,,,,false,,148471,AC2847C7-FB93-4E16-954D-F1B006CAA188,,1,,103,,1,,148823,Fivelgolaan,Fivelgolaan,West,Groningen,Groningen,9727DZ,159,,53.19893376495949,6.526537179599018,,,,,https://openbaarladen.nl/,,0,206126,25,,,50,,2,,16,400,11,20,,2,,,,,,,,,,,,,,,,,,,,,,,,,,,,,,,,2,,,,50,2020-02-03T16:45:00Z,,1,2020-02-03T08:31:00Z,200,,,,,,,,,,,,,,,
,,,,,,,,false,,148324,5D30EB97-AF66-450A-9A59-6F40EC2D1705,,1,,103,,1,"€0,36/kWh",148676,Strawinskylaan,Strawinskylaan,Amsterdam,Amsterdam,North Holland,1077XW,159,,52.340961671030556,4.875402153081495,,,,,,,0,205929,33,,,50,,3,,,,50,30,,2,,205930,2,,,50,,3,,,,50,30,,2,,205931,1036,,,50,,3,,63,400,43,20,,2,,2,,,,50,2020-02-02T17:17:00Z,,1,2020-01-30T11:55:00Z,200,,,,,,,,,,,,,,,
,,,,,,,,false,,148197,DDC01C78-22CB-4A13-9EE0-F05F0E195A80,,1,,3387,,4,,148549,LastMileSolutions Charging Station,Wagenaarweg 17,,Den Haag,,2597LD,159,,52.10143220497022,4.296741264116008,,,,,,,0,205750,25,,,50,,2,,,,11,,,2,,,,,,,,,,,,,,,,,,,,,,,,,,,,,,,,2,,,,50,2020-02-05T09:37:00Z,,1,2020-01-27T11:15:00Z,200,,,,,,,,,,,,,,,
,,,,,,,,false,,148110,05075471-2B06-46A5-9D06-4452112E42E6,,1,,23,52824,4,€0.25/kWh; andere tarieven voor oudere auto's,148462,'S-Hertogenbosch Supercharger,Burgemeester Burgerslaan 50,,Rosmalen,,5245 NH,159,,51.720357,5.333276,,,,,,,0,205614,27,,,50,,3,,,,120,30,,16,,,,,,,,,,,,,,,,,,,,,,,,,,,,,,,,16,"Charging16 Superchargers, available 24/7, up to 150kW",,,50,2020-01-25T06:41:00Z,,1,2020-01-25T06:41:00Z,200,,,,,,,,,,,,,,,
,,,,,,,,false,,148061,57628981-9A4A-4351-90BD-92420A354041,,1,,63,,1,€0.32/kWh,148413,Scheldestraat 2,Scheldestraat 2,,IJmuiden,Noord-Holland,1972 TM,159,,52.45791653907861,4.610817588895998,,,,,,,0,205642,25,,,50,,2,,32,400,22,20,,2,,,,,,,,,,,,,,,,,,,,,,,,,,,,,,,,2,,,,50,2020-01-25T23:14:00Z,,1,2020-01-24T12:12:00Z,200,,,,,,,,,,,,,,,
,,,,,,,,false,,146028,9272BCBA-A461-4FB9-B8CB-8DC18375B1A7,,1,,23,52549,4,€0.25/kWh; andere tarieven voor oudere auto's,146380,Assen Supercharger,1 Balkenweg,,Assen,,,159,,52.9929,6.52447,,,,,,,0,202916,27,,,50,,3,,,,120,30,,14,,,,,,,,,,,,,,,,,,,,,,,,,,,,,,,,14,"14 Superchargers, available 24/7, up to 150kW",,,50,2019-12-30T21:26:00Z,,1,2019-12-30T21:26:00Z,200,,,,,,,,,,,,,,,
,,,,,,,,false,,145861,2894240E-0A33-475E-B152-D423EE88C6E1,,1,,44,,3,"€0,31",146213,Escher EV,Maurits Escherstraat 12,,Zelhem,Gelderland,7021GJ,159,,52.00997492699278,6.360814324598891,+31621818012,,john.bruil@gmail.com,Please contact main Telephone number before charging.,,,0,202641,1036,,,50,,2,,32,240,7.4,10,,1,,,,,,,,,,,,,,,,,,,,,,,,,,,,,,,,1,,,,50,2020-01-09T16:26:00Z,,1,2019-12-24T12:08:00Z,200,,,,,,,,,,,,,,,
,,,,,,,,false,,135441,4FBE71D7-3F96-42B2-A706-C8DE26481736,,1,,108,,1,€0.34/kWh,135787,Sterappelstraat ,Sterappelstraat 46,,Den haag,,,159,,52.06545893864143,4.255977912920798,,,,,,,0,189777,25,,,50,,2,,32,400,22,20,,2,,,,,,,,,,,,,,,,,,,,,,,,,,,,,,,,2,,,,50,2019-12-21T17:21:00Z,,1,2019-12-21T08:21:00Z,200,,,,,,,,,,,,,,,
,,,,,,,,false,,135327,B9C8A325-458E-4E77-94E1-FBE1DC558E33,,1,,177,,1,,135673,Doctor Ariënsstraat,Doctor Ariënsstraat 27,Panningen,Peel en Maas,Limburg,5981VE,159,,51.324719151036305,5.978757452000309,,,,,,,0,189597,25,,,50,,2,,,,22,,,,,,,,,,,,,,,,,,,,,,,,,,,,,,,,,,,2,,,,50,2019-12-17T23:23:00Z,,1,2019-12-17T15:24:00Z,200,,,,,,,,,,,,,,,
,,,,,,,,false,,134006,983B6E3D-2BA6-49E1-A2A5-3802F1F04132,,1,,177,,1,,134352,Stationsplein,Stationsplein,Rijen,Gilze en Rijen,Noord-Brabant,5122CB,159,,51.5840855763044,4.92548384979523,,,,,,,0,187504,25,,,50,,2,,,,11,,,2,,,,,,,,,,,,,,,,,,,,,,,,,,,,,,,,2,,,,50,2019-10-31T21:31:00Z,,1,2019-10-31T14:34:00Z,200,,,,,,,,,,,,,,,
,,,,,,,,false,,133796,E905CF0B-7264-433E-99DD-855D99D59E33,,1,,103,,1,,134142,Ericssonstraat 2 Rijen,Ericssonstraat 2,,Rijen,,5121ML ,159,,51.57804198587354,4.926538867494173,,,,,,,0,187246,25,,,50,,2,,,,22,20,,12,,,,,,,,,,,,,,,,,,,,,,,,,,,,,,,,12,,,,50,2019-10-26T17:35:00Z,,1,2019-10-26T17:33:00Z,200,,,,,,,,,,,,,,,
,,,,,,,,false,,133792,9973F97E-AE60-4FEC-B096-F787E6F6D7B0,,1,,74,,1,,134138,Fastned Ravensewetering,Ravensewetering,,Nieuwegein,,3439ZZ,159,,52.049847,5.122276,,,,24/7,http://www.fastned.nl,,0,187238,2,,,50,,3,,125,400,50,30,,1,,187239,33,,,50,,3,,,,50,30,,1,,187240,33,,,50,,3,,,,175,30,,3,,4,,,,50,2019-10-26T08:03:00Z,,1,2019-10-26T08:03:00Z,200,,,,,,,,,,,,,,,
,,,,,,,,false,,133791,5030E13C-4F7F-429F-9378-9B07E31902AE,,1,,74,,1,,134137,Fastned Jutphaas,Jutphaas A2,,Nieuwegein,,3437 PV,159,,52.01765429656405,5.068244565118107,,,,,http://www.fastned.nl,,0,187234,2,,,50,,3,,125,400,50,30,,2,,187235,33,,,50,,3,,,,50,30,,2,,187236,25,,,50,,3,,,,43,20,,2,,4,,,,50,2019-10-26T07:59:00Z,,1,2019-10-26T07:59:00Z,200,187237,33,,,50,,3,,,,175,30,,3,
,,,,,,,,false,,133777,95D0245C-FB94-4174-83A2-13F358B56D49,,1,,23,52225,4,€0.25/kWh; andere tarieven voor oudere auto's,134123,Duiven Supercharger,Impuls 2,,Duiven,,6921 RK,159,,51.959482,6.021093,,,,,,,0,187220,27,,,50,,3,,,,120,30,,20,,,,,,,,,,,,,,,,,,,,,,,,,,,,,,,,20,"16 Superchargers, available 24/7, up to 120kW",,,50,2020-03-12T12:07:00Z,,1,2019-10-26T05:55:00Z,200,,,,,,,,,,,,,,,
,,,,,,,,false,,133766,5A909494-6DA6-44F3-822F-0B7C9839AE37,,1,,23,52226,4,€0.25/kWh; andere tarieven voor oudere auto's,134112,Naarden Supercharger,Ijsselmeerweg 3,,Naarden,,1411,159,,52.308658,5.140926,,,,,,,0,187209,27,,,50,,3,,,,120,30,,32,,,,,,,,,,,,,,,,,,,,,,,,,,,,,,,,32,"12 Superchargers, available 24/7, up to 120kW",,,50,2021-01-30T07:04:00Z,,1,2019-10-26T05:53:00Z,200,,,,,,,,,,,,,,,
,,,,,,,,false,,133744,E61C32A4-EF41-4475-9C32-58725705D295,,1,,1,,1,,134090,Marijkestraat,Marijkestraat,Rijen,Gilze en Rijen,Noord-Brabant,5121XB,159,,51.588294822554,4.91985313736404,,,,,,,0,187180,25,,,50,,2,,,,11,20,,2,,,,,,,,,,,,,,,,,,,,,,,,,,,,,,,,2,,,,50,2019-10-26T17:21:00Z,,1,2019-10-25T09:20:00Z,200,,,,,,,,,,,,,,,
,,,,,,,,false,,133632,E257B660-F1EF-4729-83DF-9852DE65474C,,1,,23,49881,4,,133978,Heerlijkheid Mariënwaerdt,Oude Waag 21,,Beesd,,4153 RC,159,,51.889319,5.219076, +31 3456 87010,,,,,,0,187042,30,,,50,,2,,,,11,20,,1,,,,,,,,,,,,,,,,,,,,,,,,,,,,,,,,1,"1 Tesla Connector, up to 11kW.Available for customers. Please see front desk.",,,50,2019-10-22T05:45:00Z,,1,2019-10-22T05:45:00Z,200,,,,,,,,,,,,,,,
,,,,,,,,false,,133376,C205D7AD-EDC7-4118-A051-8510A257F3E2,,1,,74,,1,,133722,Fastned De Hackelaar,De Hackelaar A1,,Muiden,,1398 PN,159,,52.322068974177654,5.084432053024898,,,,24/7,http://fastned.nl/,,0,186714,33,,,50,,3,,,,175,30,,2,,186715,33,,,50,,3,,125,400,50,30,,2,,186716,2,,,50,,3,,,,50,30,,2,,4,,,,50,2019-10-16T17:55:00Z,,1,2019-10-16T17:55:00Z,200,186717,1036,,,50,,3,,63,400,43,20,,2,
,,,,,,,,false,,133144,2DE1C6EF-B954-4437-9F07-6874DB98F6B0,,1,,103,NLALLEGO005522,1,"€ 0,391/kWh",133490,Winkelcentrum Stadsveld,Zweringweg 210,,Enschede,,,159,,52.2104000019586,6.86353579627712,,,,,,,0,186457,25,,,50,,2,,32,400,22,20,,2,,,,,,,,,,,,,,,,,,,,,,,,,,,,,,,,2,,,,50,2019-10-17T11:11:00Z,,1,2019-10-15T14:15:00Z,200,,,,,,,,,,,,,,,
,,,,,,,,false,,133004,23803FD5-228D-4066-9D14-B72C69271700,,1,,1,,6,,133350,SpaSereen,"Westbroekse Binnenweg 2a, ",,Tienhoven,,3612 AH,159,,52.1464286185232,5.08371539338782,,,,,,,0,186277,25,,,50,,2,,,,22,20,,4,,,,,,,,,,,,,,,,,,,,,,,,,,,,,,,,4,,,,50,2019-10-11T17:03:00Z,,1,2019-10-11T07:42:00Z,200,,,,,,,,,,,,,,,
,,,,,,,,false,,132596,5CCB124C-EC22-4AA5-AD48-D3DA83E956B3,,1,,3299,,1,Aprox. 8 euro per charging session. Depending on provider.,132942,IONITY Sevenum,Kleefsedijk 27,,Sevenum,,5975 NV,159,,51.3800057287701,5.98544993956125,,,,Located on the parking lot next to the KFC. Open 24/7.,,,0,185626,33,,,50,,3,,,,350,30,,4,,,,,,,,,,,,,,,,,,,,,,,,,,,,,,,,4,,,,50,2019-10-11T07:14:00Z,,1,2019-10-03T07:08:00Z,200,,,,,,,,,,,,,,,
,,,,,,,,false,,132397,6E3E4B97-F107-4E4D-A138-30C9BFA8670A,,1,,74,,1,,132743,Fastned De Knoest,De Knoest A27,,Nieuwegein,Utrecht,3433NW,159,,52.0142658986678,5.12237807136125,,,,,http://www.fastned.nl,,0,185374,2,,,50,,3,,125,400,50,30,,1,,185375,33,,,50,,3,,,,50,30,,1,,185376,25,,,50,,3,,,,43,20,,1,,3,,,,50,2019-10-30T21:07:00Z,,1,2019-09-28T12:54:00Z,200,185377,33,,,50,,3,,,,175,30,,2,
,,,,,,,,false,,132396,F4F48B95-39D8-47BB-B173-B7A426446932,,1,,74,,5,,132742,Fastned Varakker,Varakker A15,,Opheusden,,4043 AS,159,,51.9239521236228,5.605242981731408,,,,24/7,,,0,185371,33,,,50,,3,,125,400,50,30,,2,,185372,2,,,50,,3,,,,50,30,,2,,185373,25,,,50,,3,,63,400,43,20,,2,,4,,,,50,2019-09-28T12:35:00Z,,1,2019-09-28T12:35:00Z,200,,,,,,,,,,,,,,,
,,,,,,,,false,,132395,585F9531-F854-4CE7-9B71-63F30BE563CF,,1,,74,,5,,132741,Fastned Jan Heijnsstraat (AH),Jan Heijnsstraat 10,,Tilburg,,5041GB,159,,51.56232666590884,5.07525043679334,,,,24/7,,,0,185369,33,,,50,,3,,125,400,50,30,,2,,185370,2,,,50,,3,,,,50,30,,2,,,,,,,,,,,,,,,,,2,,,,50,2019-09-28T12:30:00Z,,1,2019-09-28T12:30:00Z,200,,,,,,,,,,,,,,,
,,,,,,,,false,,132394,F2FB1628-0A40-496D-AE84-07C12602C178,,1,,74,,1,,132740,Fastned Bloemheuvel,Bloemheuvel A12,,Woudenberg,,3931PD,159,,52.049899909363546,5.461559592664003,,,,24/7,http://fastned.nl/,,0,185365,33,,,50,,3,,,,175,30,,1,,185366,33,,,50,,3,,125,400,50,30,,2,,185367,2,,,50,,3,,,,50,30,,2,,4,,,,50,2019-09-28T12:26:00Z,,1,2019-09-28T12:26:00Z,200,185368,1036,,,50,,3,,63,400,43,20,,2,
,,,,,,,,false,,132393,A66F33B5-3353-4578-940D-36DEFAA92E9B,,1,,74,,5,,132739,Fastned De Vonken,De Vonken A7,,Terwispel,,8407EC,159,,53.032415688134506,6.021034570977008,,,,24/7,,,0,185362,33,,,50,,3,,125,400,50,30,,2,,185363,2,,,50,,3,,,,50,30,,2,,185364,25,,,50,,3,,63,400,43,20,,2,,4,,,,50,2019-09-28T12:17:00Z,,1,2019-09-28T12:17:00Z,200,,,,,,,,,,,,,,,
,,,,,,,,false,,132391,FFA2CFFC-C340-439A-AF78-2E265C5ADDEC,,1,,74,,1,,132737,Fastned Den Ruygen Hoek-Oost,Den Ruygen Hoek-Oost A4,,Rijsenhout,,2132MA,159,,52.25826430677844,4.685957607546129,,,,,http://fastned.nl/,,0,185357,33,,,50,,3,,,,175,30,,4,,185358,33,,,50,,3,,125,400,50,30,,2,,185359,2,,,50,,3,,,,50,30,,2,,8,,,,50,2019-09-28T11:25:00Z,,1,2019-09-28T11:25:00Z,200,185360,1036,,,50,,3,,63,400,43,20,,2,
,,,,,,,,false,,132390,8EECB4EE-CC46-45E7-81B6-3EEF9F90FC44,,1,,74,,1,,132736,Fastned Aalscholver,Aalscholver A6,,Lelystad,,8218PW,159,,52.43605394334023,5.425004709194127,,,,24/7,http://fastned.nl/,,0,185353,33,,,50,,3,,,,175,30,,2,,185354,33,,,50,,3,,125,400,50,30,,2,,185355,2,,,50,,3,,,,50,30,,2,,4,,,,50,2019-09-28T10:56:00Z,,1,2019-09-28T10:56:00Z,200,185356,1036,,,50,,3,,63,400,43,20,,2,
,,,,,,,,false,,132389,50445279-AB30-4D8E-8A52-B794F4C33ECB,,1,,74,,1,,132735,Fastned Lepelaar,Lepelaar A6,,Lelystad,,8218PZ,159,,52.432869,5.422989,,,,24/7,http://fastned.nl/,,0,185349,33,,,50,,3,,,,175,30,,2,,185350,33,,,50,,3,,125,400,50,30,,2,,185351,2,,,50,,3,,,,50,30,,2,,4,,,,50,2019-09-28T10:55:00Z,,1,2019-09-28T10:55:00Z,200,185352,1036,,,50,,3,,63,400,43,20,,2,
,,,,,,,,false,,132387,699E27D4-276E-48BD-BCE5-6EC5BB29ACB6,,1,,74,,1,,132733,Fastned Honswijck,Honswijck A1,,Muiden,,1398PZ,159,,52.3198822293468,5.077603571033933,,,,,http://fastned.nl/,,0,185343,33,,,50,,3,,,,175,30,,4,,185344,33,,,50,,3,,125,400,50,30,,2,,185345,2,,,50,,3,,,,50,30,,2,,8,,,,50,2019-09-28T10:32:00Z,,1,2019-09-28T10:32:00Z,200,185346,1036,,,50,,3,,63,400,43,20,,2,
,,,,,,,,false,,132386,9D4BF2E8-9FE1-454B-AB08-B12B784FD5FD,,1,,74,,1,,132732,Fastned Portland,Portland A15,,Rhoon,,3161GP,159,,51.86262339782925,4.4598305447498205,,,,24/7,http://fastned.nl/,,0,185339,33,,,50,,3,,,,175,30,,1,,185340,33,,,50,,3,,125,400,50,30,,1,,185341,2,,,50,,3,,,,50,30,,1,,4,,,,50,2019-09-28T10:22:00Z,,1,2019-09-28T10:22:00Z,200,185342,1036,,,50,,3,,63,400,43,20,,1,
,,,,,,,,false,,132385,2E7D7E3C-D4FF-4AE9-A64D-0704B8089727,,1,,74,,1,,132731,Fastned Wellerzand,Wellerzand A6,,Bant,,8313 PV,159,,52.784365011052245,5.759275406583583,,,,24/7,http://fastned.nl/,,0,185335,33,,,50,,3,,,,175,30,,2,,185336,33,,,50,,3,,125,400,50,30,,1,,185337,2,,,50,,3,,,,50,30,,1,,4,,,,50,2019-09-28T10:21:00Z,,1,2019-09-28T10:21:00Z,200,185338,1036,,,50,,3,,63,400,43,20,,1,
,,,,,,,,false,,132384,1DA4E0F3-D666-4E1F-AE4A-F59B27026F96,,1,,74,,1,,132730,Fastned Lemsterhop,Lemsterhop A6,,Rutten,,8313RE,159,,52.818464629420276,5.7423368906721635,,,,,http://fastned.nl/,,0,185331,33,,,50,,3,,,,175,30,,2,,185332,33,,,50,,3,,125,400,50,30,,1,,185333,2,,,50,,3,,,,50,30,,1,,4,,,,50,2019-09-28T10:20:00Z,,1,2019-09-28T10:20:00Z,200,185334,1036,,,50,,3,,63,400,43,20,,1,
,,,,,,,,false,,132383,8B716683-32A6-4B44-BE4B-8B847A20A365,,1,,74,,1,,132729,GelreDome,Batavierenweg 29,,Arnhem,,6841HN,159,,51.96467,5.892364,,,,24/7,http://fastned.nl/,,0,185327,33,,,50,,3,,,,175,30,,2,,185328,33,,,50,,3,,125,400,50,30,,1,,185329,2,,,50,,3,,,,50,30,,1,,4,,,,50,2019-09-28T10:19:00Z,,1,2019-09-28T10:19:00Z,200,185330,1036,,,50,,3,,63,400,43,20,,1,
,,,,,,,,false,,132382,967E4CA3-5784-4C23-B9BD-4CE93C2E4894,,1,,74,,1,,132728,Fastned Mastpolder,Mastpolder A58,,Rucphen,,4715 TA,159,,51.5476316753116,4.53054657308508,,,,,http://fastned.nl/,,0,185323,33,,,50,,3,,,,175,30,,2,,185324,33,,,50,,3,,125,400,50,30,,1,,185325,2,,,50,,3,,,,50,30,,1,,4,,,,50,2019-09-28T14:22:00Z,,1,2019-09-28T10:11:00Z,200,185326,1036,,,50,,3,,63,400,43,20,,1,
,,,,,,,,false,,132381,D7962D01-FB55-4E95-9214-8F6FDFD18CF1,,1,,74,,1,,132727,Fastned Hoezaar,Hoezaar A58,,Rucphen,,4735 TX,159,,51.54878251803402,4.529013372128929,,,,24/7,http://fastned.nl/,,0,185319,33,,,50,,3,,,,175,30,,2,,185320,33,,,50,,3,,125,400,50,30,,1,,185321,2,,,50,,3,,,,50,30,,1,,4,,,,50,2019-09-28T10:09:00Z,,1,2019-09-28T10:09:00Z,200,185322,1036,,,50,,3,,63,400,43,20,,1,
,,,,,,,,false,,132380,F3C04C2E-4C0F-42ED-9BFE-27E24F1FB34F,,1,,74,,1,,132726,Fastned Prinses Máximaplein,Prinses Máximaplein,,Den Haag,,2496 XH,159,,52.0552053241585,4.39111172879348,,,,,http://fastned.nl/,,0,185315,33,,,50,,3,,,,175,30,,2,,185316,33,,,50,,3,,125,400,50,30,,1,,185317,2,,,50,,3,,,,50,30,,1,,4,,,,50,2019-09-28T14:22:00Z,,1,2019-09-28T10:05:00Z,200,185318,1036,,,50,,3,,63,400,43,20,,1,
,,,,,,,,false,,132379,B18FE267-60E1-41B1-8DA8-582D2EFA09E1,,1,,74,,1,,132725,Fastned Sandelingen-Oost,Sandelingen-Oost A16,,Hendrik-Ido-Ambacht,,3342 LE,159,,51.83475015088521,4.620992950949812,,,,24/7,http://fastned.nl/,,0,185311,33,,,50,,3,,,,175,30,,2,,185312,33,,,50,,3,,125,400,50,30,,1,,185313,2,,,50,,3,,,,50,30,,1,,4,,,,50,2019-09-28T10:04:00Z,,1,2019-09-28T10:04:00Z,200,185314,1036,,,50,,3,,63,400,43,20,,1,
,,,,,,,,false,,132378,17F2627F-A569-48F5-9B67-76C4551AD55A,,1,,74,,1,,132724,Fastned Vrijenban,Vrijenban A13,,Delft,,2629 HA,159,,51.983412,4.392855,,,,24/7,http://fastned.nl/,,0,185307,33,,,50,,3,,,,175,30,,2,,185308,33,,,50,,3,,125,400,50,30,,1,,185309,2,,,50,,3,,,,50,30,,1,,4,,,,50,2019-09-28T10:01:00Z,,1,2019-09-28T10:01:00Z,200,185310,1036,,,50,,3,,63,400,43,20,,1,
,,,,,,,,false,,132377,ED17BB4D-E425-4128-A678-9E11C0BCB7ED,,1,,74,,1,,132723,Fastned Hazeldonk-Oost,Hazeldonk-Oost A16,,Breda,,4836 LB,159,,51.497864494311045,4.743250363658831,,,,,http://fastned.nl/,,0,185303,33,,,50,,3,,,,175,30,,2,,185304,33,,,50,,3,,125,400,50,30,,1,,185305,2,,,50,,3,,,,50,30,,1,,4,,,,50,2019-09-28T09:59:00Z,,1,2019-09-28T09:59:00Z,200,185306,1036,,,50,,3,,63,400,43,20,,1,
,,,,,,,,false,,132376,C38D5B07-F843-47D7-9011-F3F424684BC0,,1,,74,,1,,132722,Fastned Hazeldonk-West,Hazeldonk-West A16,,Breda,,4836 LZ,159,,51.50006170367081,4.7410144819448305,,,,,http://fastned.nl/,,0,185299,33,,,50,,3,,,,175,30,,2,,185300,33,,,50,,3,,125,400,50,30,,1,,185301,2,,,50,,3,,,,50,30,,1,,4,,,,50,2019-09-28T09:58:00Z,,1,2019-09-28T09:58:00Z,200,185302,1036,,,50,,3,,63,400,43,20,,1,
,,,,,,,,false,,132375,A04E5611-3DA7-4E7B-938D-1D31B791964E,,1,,74,,1,,132721,Fastned Molenkamp,Molenkamp A15,,Gellicum,,4156 JJ,159,,51.847476442050805,5.190784931576445,,,,,http://fastned.nl/,,0,185295,33,,,50,,3,,,,175,30,,2,,185296,33,,,50,,3,,125,400,50,30,,1,,185297,2,,,50,,3,,,,50,30,,1,,4,,,,50,2019-09-28T09:56:00Z,,1,2019-09-28T09:56:00Z,200,185298,1036,,,50,,3,,63,400,43,20,,1,
,,,,,,,,false,,132374,F65BBFA7-52B8-4204-B932-F563F3CBC27D,,1,,74,,1,,132720,Fastned Eigenblok,Eigenblok A15,,Gellicum,,4156 JZ,159,,51.849068597836464,5.191414900292784,,,,24/7,http://fastned.nl/,,0,185291,33,,,50,,3,,,,175,30,,2,,185292,33,,,50,,3,,125,400,50,30,,1,,185293,2,,,50,,3,,,,50,30,,1,,4,,,,50,2019-09-28T09:54:00Z,,1,2019-09-28T09:54:00Z,200,185294,1036,,,50,,3,,63,400,43,20,,1,
,,,,,,,,false,,132373,AD36581B-1FD9-40D6-A1EC-224DBA75FF2C,,1,,74,,5,,132719,Fastned Overbroek,Overbroek A15,,Opheusden,,4051CZ,159,,51.92159655110726,5.603319459536806,,,,24/7,,,0,185288,33,,,50,,3,,125,400,50,30,,2,,185289,2,,,50,,3,,,,50,30,,2,,185290,25,,,50,,3,,63,400,43,20,,2,,4,,,,50,2019-09-28T09:36:00Z,,1,2019-09-28T09:36:00Z,200,,,,,,,,,,,,,,,
,,,,,,,,false,,132372,945D0439-190B-47E8-B7F2-FA62F1F98303,,1,,74,,5,,132718,Fastned Streepland,Streepland A16,,Zevenbergschen Hoek,,4765TK,159,,51.69068858287895,4.657570000495866,,,,24/7,,,0,185285,33,,,50,,3,,125,400,50,30,,2,,185286,2,,,50,,3,,,,50,30,,2,,185287,25,,,50,,3,,63,400,43,20,,2,,4,,,,50,2019-09-28T09:34:00Z,,1,2019-09-28T09:34:00Z,200,,,,,,,,,,,,,,,
,,,,,,,,false,,132371,B731E4D8-3F94-403A-A107-02C65A5222A0,,1,,74,,5,,132717,Fastned Tussenhoek,Tussenhoek N57,,Vierpolders,,3237 LS,159,,51.870171183539355,4.182257291199221,,,,,,,0,185282,33,,,50,,3,,125,400,50,30,,2,,185283,2,,,50,,3,,,,50,30,,2,,185284,25,,,50,,3,,63,400,43,20,,2,,4,,,,50,2019-12-08T16:58:00Z,,1,2019-09-28T09:32:00Z,200,,,,,,,,,,,,,,,
,,,,,,,,false,,132370,66375120-862A-46A1-BA36-B2BD8C024A77,,1,,74,,5,,132716,Fastned Coosenhoek,Coosenhoek N57,,Vierpolders,,3237 NA,159,,51.870605301019566,4.180432122666616,,,,24/7,,,0,185279,33,,,50,,3,,125,400,50,30,,2,,185280,2,,,50,,3,,,,50,30,,2,,185281,25,,,50,,3,,63,400,43,20,,2,,4,,,,50,2019-09-28T09:31:00Z,,1,2019-09-28T09:31:00Z,200,,,,,,,,,,,,,,,
,,,,,,,,false,,132369,3D92C80C-84EC-469C-8087-DF3318109845,,1,,74,,5,,132715,Fastned Meedenertol,Meedenertol A7,,Scheemda,,9679TN,159,,53.18090611485101,6.933631737604628,,,,,,,0,185276,33,,,50,,3,,125,400,50,30,,2,,185277,2,,,50,,3,,,,50,30,,2,,185278,25,,,50,,3,,63,400,43,20,,2,,4,,,,50,2019-09-28T08:44:00Z,,1,2019-09-28T08:44:00Z,200,,,,,,,,,,,,,,,
,,,,,,,,false,,132368,D28694F8-036B-428F-880E-1F3D16A589BF,,1,,74,,5,,132714,Fastned Roode Til,Roode Til A7,,Scheemda,,9679TN,159,,53.182019030339205,6.931017642004235,,,,24/7,,,0,185273,33,,,50,,3,,125,400,50,30,,2,,185274,2,,,50,,3,,,,50,30,,2,,185275,25,,,50,,3,,63,400,43,20,,2,,4,,,,50,2019-09-28T08:42:00Z,,1,2019-09-28T08:42:00Z,200,,,,,,,,,,,,,,,
,,,,,,,,false,,132367,66B13037-3402-4BEF-9E6A-090612E05944,,1,,74,,5,,132713,Fastned De Walden,De Walden A7,,Terwispel,,8407EB,159,,53.02930206042643,6.020059502517029,,,,24/7,,,0,185270,33,,,50,,3,,125,400,50,30,,2,,185271,2,,,50,,3,,,,50,30,,2,,185272,25,,,50,,3,,63,400,43,20,,2,,4,,,,50,2019-09-28T08:41:00Z,,1,2019-09-28T08:41:00Z,200,,,,,,,,,,,,,,,
,,,,,,,,false,,132366,294F6291-9330-44F7-9262-09FA165682D8,,1,,74,,5,,132712,Fastned Beatrixkwartier,J.P. Coenstraat 2,,Den Haag,,2595WP,159,,52.07904494794499,4.333990347882718,,,,24/7,,,0,185267,33,,,50,,3,,125,400,50,30,,2,,185268,2,,,50,,3,,,,50,30,,2,,185269,25,,,50,,3,,63,400,43,20,,2,,4,,,,50,2019-09-28T08:39:00Z,,1,2019-09-28T08:39:00Z,200,,,,,,,,,,,,,,,
,,,,,,,,false,,132365,EB707FF0-E426-4323-80C9-EF599AF3B36C,,1,,74,,5,,132711,Fastned Middelsloot,Middelsloot A7,,Middenbeemster,,1461MZ,159,,52.545986435998685,4.957308495860389,,,,24/7,,,0,185264,33,,,50,,3,,125,400,50,30,,2,,185265,2,,,50,,3,,,,50,30,,2,,185266,25,,,50,,3,,63,400,43,20,,2,,4,,,,50,2019-09-28T08:28:00Z,,1,2019-09-28T08:28:00Z,200,,,,,,,,,,,,,,,
,,,,,,,,false,,131963,7993AA04-5AA5-4EBE-B807-6F27D5A659B6,,1,,23,51819,4,,132309,Hotel Old Dutch Bergen Op Zoom,Stationsstraat 31,,Bergen op Zoom,,4611CB,159,,51.4950874,4.2952009,+31 164 271888 ,,,,,,0,184639,30,,,50,,2,,,,11,20,,1,,,,,,,,,,,,,,,,,,,,,,,,,,,,,,,,1,"1 Tesla Connector, up to 11kW.Available for customers. Please see front desk.",,,50,2019-09-16T05:35:00Z,,1,2019-09-16T05:35:00Z,200,,,,,,,,,,,,,,,
,,,,,,,,false,,131289,AB0FA537-90DF-4F2F-A26C-4349735EB5C5,,1,,23,43238,4,,131635,Herberg de Klomp,Vilsterseweg 10,,Vilsteren,,7734PD,159,,52.5110807,6.3540541, +31 52 94 59 000,,,,,,0,183824,30,,,50,,2,,,,22,20,,1,,,,,,,,,,,,,,,,,,,,,,,,,,,,,,,,1,"1 Tesla Connector, up to 22kW.Available for customers. Please see front desk.",,,50,2019-09-02T05:32:00Z,,1,2019-09-02T05:32:00Z,200,,,,,,,,,,,,,,,
,,,,,,,,false,,131004,9FB40AA8-AA83-47EE-ACD7-C5150699D58E,,1,,23,51481,4,,131350,Qurios Zandvoort,Boulevard Barnaart 30,,Zandvoort,,2041 JA,159,,52.386701,4.535351,+31 20 800 6040,,,,,,0,183499,30,,,50,,2,,,,22,20,,1,,,,,,,,,,,,,,,,,,,,,,,,,,,,,,,,1,"1 Tesla Connector, up to 22kW.Available for customers. Please see front desk.",,,50,2019-08-28T19:55:00Z,,1,2019-08-28T19:55:00Z,200,,,,,,,,,,,,,,,
,,,,,,,,false,,130974,F8EA01A8-62D0-4057-90CA-653239B0CA17,,1,,23,51488,4,,131320,Comfortcamping Scheldeoord,Landingsweg 1,,Baarland,,4435NR,159,,51.396404,3.89869,+31 113 639 900,,,,,,0,183469,30,,,50,,2,,,,6,20,,1,,,,,,,,,,,,,,,,,,,,,,,,,,,,,,,,1,"1 Tesla Connector, up to 6kW.Available for customers. Self park.",,,50,2019-08-28T19:50:00Z,,1,2019-08-28T19:50:00Z,200,,,,,,,,,,,,,,,
,,,,,,,,false,,130958,A569AC18-7FE6-4445-8CF1-E8D5271A126B,,1,,98,,1,,131304,Reginahof,Reginahof,Dirksland,Goeree-Overflakkee,Holandia Północna,3247CR,159,,51.7488403179767,4.1007135315233,,,,,,,0,183450,18,,,150,,,,,,,20,,,,,,,,,,,,,,,,,,,,,,,,,,,,,,,,,,4,,,,150,2019-08-28T20:21:00Z,,1,2019-08-27T21:24:00Z,200,,,,,,,,,,,,,,,
,,,,,,,,false,,130825,B11F161C-BCAB-405C-A891-25DE986F95F3,,1,,73,,1,,131171,EVB-P1607208,de Gildekamp 6004,,Nijmegen,Gelderland,6545LX,159,,51.8312595701483,5.80206636530647,+(31)-(88)-7755444,,info@evbox.nl,,,,0,183159,1036,,,50,,2,,16,400,11,20,,2,,,,,,,,,,,,,,,,,,,,,,,,,,,,,,,,2,,,,50,2019-08-24T11:50:00Z,,1,2019-08-18T07:34:00Z,200,,,,,,,,,,,,,,,
,,,,,,,,false,,130824,934E68AB-D16E-46A6-9B63-A9912ED60626,,1,,3343,,1,,131170,McDonald's Nijmegen Noviu.,Wijchenseweg 202,Nijmegen,Nijmegen,Gelderland,6538 SX,159,,51.82525258085269,5.803722694323596,,,,,,,0,183358,2,,,50,,3,,,,50,30,,1,,183359,33,,,50,,3,,,,50,30,,1,,183360,1036,,,50,,3,,63,400,43,20,,1,,1,,,,50,2019-08-24T10:48:00Z,,1,2019-08-18T06:50:00Z,200,,,,,,,,,,,,,,,
,,,,,,,,false,,130757,7420871A-F5FA-4501-A0F5-07FD37236365,,1,,1,,1,,131103,Het Diep,Het Diep,Dronten,,Flevoland,8254KS,159,,52.5243266699086,5.71568012375474,,,,,,,0,183060,1036,,,50,,2,,16,400,11,20,,1,,,,,,,,,,,,,,,,,,,,,,,,,,,,,,,,1,,,,50,2019-08-24T11:46:00Z,,1,2019-08-13T12:48:00Z,200,,,,,,,,,,,,,,,
,,,,,,,,false,,130748,A1EEC396-CB20-436B-B059-C53DB582BFB7,,1,,1,,1,,131094,Nyeveltstraat 1,Nyeveltstraat 1,De Meern,Utrecht,Utrecht,3454EW,159,,52.0814474144259,5.03528223213107,,,,Public,,,0,183044,25,,,50,,2,,16,230,11,20,,2,,,,,,,,,,,,,,,,,,,,,,,,,,,,,,,,2,,,,50,2019-08-12T17:05:00Z,,1,2019-08-12T12:08:00Z,200,,,,,,,,,,,,,,,
,,,,,,,,false,,130095,19AA530E-A8DE-4E8F-8A49-657F71B09DD5,,1,,1,,1,,130441,Beach car park,Walendijk 9,,Groede,,,159,,51.4003321647688,3.4964692403269737,,,,Near beach access in car park. Saw car charging,,,0,182100,1036,,,0,,2,,,,,20,,2,,,,,,,,,,,,,,,,,,,,,,,,,,,,,,,,2,,,,50,2019-08-11T15:15:00Z,,1,2019-07-31T13:41:00Z,200,,,,,,,,,,,,,,,
,,,,,,,,false,,129629,F3F73544-A4E7-4118-9595-B5DE8D8DAEF9,,1,,179,,4,0.30,129975,Vletkade parkeerplaats,Vletkade 20,,Zoetermeer,Zuid-Holland,2725 AX,159,,52.0767138401761,4.49590898462804,,,,,,,0,181402,25,,,,,,,,,,,,,,181438,25,,,,,,,,,,,,,,,,,,,,,,,,,,,,,2,,,,50,2019-07-22T13:57:00Z,,1,2019-07-21T20:43:00Z,200,,,,,,,,,,,,,,,
,,,,,,,,false,,129191,A90F6A5F-7E3D-46F3-BF9E-53E80F6BD35A,,1,,23,51117,4,,129537,Qurios Ameland,Oranjeweg 42B,,Hollum,,9161 CC,159,,53.448264,5.630548,+31 20 800 6040,,,,,,0,180839,30,,,50,,2,,,,22,20,,1,,,,,,,,,,,,,,,,,,,,,,,,,,,,,,,,1,"1 Tesla Connector, up to 22kW.Available to the public. Please see front desk.",,,50,2019-07-15T16:15:00Z,,1,2019-07-15T16:15:00Z,200,,,,,,,,,,,,,,,
,,,,,,,,false,,129101,FA51A190-A99D-4276-883D-E08748977409,,1,,179,,1,,129447,Tolberterstraat,Tolberterstraat,Leek,Westerkwartier,Groningen,9351BJ,159,,53.166317526302,6.38593530149933,,,,"At Municipal Office, free to public",,,0,180728,25,,,50,,2,,16,400,11,20,,1,,,,,,,,,,,,,,,,,,,,,,,,,,,,,,,,4,,,,50,2019-07-15T14:18:00Z,,1,2019-07-14T14:59:00Z,200,,,,,,,,,,,,,,,
,,,,,,,,false,,128883,1D99C17B-1CA0-409A-BC8A-248582EFD6A1,,1,,73,,6,"0,34€/kWh",129229,Landmetersweg,Landmetersweg,Oostkapelle,Veere,Seeland,4356RE,159,,51.5556883118205,3.55077481928902,,,,"For visitors of camping site
Accessible with New Motion card",,,0,180395,25,,,50,,2,,,,11,10,,4,,,,,,,,,,,,,,,,,,,,,,,,,,,,,,,,4,,,,50,2019-07-08T11:08:00Z,,1,2019-07-03T12:41:00Z,200,,,,,,,,,,,,,,,
,,,,,,,,false,,128820,949FC77E-439D-4A9F-B148-398B99612656,,1,,97,,1,,129166,Het Galjoen 33,Het Galjoen 33,,Baarn,,3742 HB,159,,52.2052588069986,5.30194795798479,,,,,,,0,180242,25,,,50,,2,,32,230,22,20,,2,,,,,,,,,,,,,,,,,,,,,,,,,,,,,,,,2,,,,50,2019-07-02T04:53:00Z,,1,2019-06-30T07:14:00Z,200,,,,,,,,,,,,,,,
,,,,,,,,false,,128815,08ED9AC3-594D-4B52-B87D-B42C7C272F0F,,1,,1,,1,,129161,Merkelbachlaan,Merkelbachlaan,,IJsselstein,Utrecht,3404EX,159,,52.0115731486211,5.03730420790919,,,,,,,0,180233,25,,,50,,2,,,,,20,,2,,,,,,,,,,,,,,,,,,,,,,,,,,,,,,,,2,,,,50,2019-06-29T05:54:00Z,,1,2019-06-28T22:13:00Z,200,,,,,,,,,,,,,,,
,,,,,,,,false,,128793,C310F04F-EED8-4DAC-AA2F-E7A245451E5E,,1,,177,,5,Volume (/kWh)	€ 0.34,129139,Morelstraat,Morelstraat 37,,Utrecht,Utrecht,3552GL,159,,52.1082026963618,5.10280388270178,,,,,,,0,180189,0,,,50,,2,,,,11,,,2,,,,,,,,,,,,,,,,,,,,,,,,,,,,,,,,1,Serial number: 0026f49e-8aea-11e8-8d7c-42010a840002,,,50,2019-06-29T05:59:00Z,,1,2019-06-28T07:18:00Z,200,,,,,,,,,,,,,,,
,,,,,,,,false,,127709,1FA0A4DB-D15A-47AA-A3CC-BF329816DDEC,,1,,74,,1,,128055,Fastned Hoge Kwel,"Hoge Kwel, Wieringerwerf",Wieringerwerf,Hollands Kroon,Noord-Holland,1771MN,159,,52.8573098519762,5.02145534255908,020-7055300,,support@fastned.nl,,https://fastned.nl/locaties,,0,178771,33,,,50,,3,,,,175,30,,2,,178772,33,,,50,,3,,,,50,30,,,,178773,2,,,50,,3,,,,50,30,,,,1,,,,50,2019-09-30T15:26:00Z,,1,2019-06-09T05:01:00Z,200,178780,1036,,,50,,2,,,,38,20,,1,
,,,,,,,,false,,127708,D7089263-3F5E-4298-9DB1-04BD5B2A5FDE,,1,,74,,1,,128054,Sint Jacobslaan,Sint Jacobslaan,Nijmegen,Nijmegen,Gelderland,6533 BP,159,,51.820270055047,5.85208276981928,020-7055300,,support@fastned.nl,,https://fastned.nl/locaties,,0,178769,33,,,50,,3,,,,50,30,,2,,178770,2,,,50,,3,,,,50,30,,2,,,,,,,,,,,,,,,,,3,,,,50,2019-06-10T07:46:00Z,,1,2019-06-09T04:43:00Z,200,,,,,,,,,,,,,,,
,,,,,,,,false,,127556,2B35626A-3CBC-4CBB-9B7E-2F6454994741,,1,,23,50464,4,,127902,Wapen Van Beckum,Beckumerkerkweg 20,,Hengelo,,7554PV,159,,52.21132,6.742062, +31743676116 ,,,,,,0,178561,30,,,50,,2,,,,9,20,,1,,,,,,,,,,,,,,,,,,,,,,,,,,,,,,,,1,"1 Tesla Connector, up to 9kW.Available for customers. Please see front desk.",,,50,2019-06-05T11:39:00Z,,1,2019-06-05T11:39:00Z,200,,,,,,,,,,,,,,,
,,,,,,,,false,,127218,7B9703D3-DB8E-45C8-947D-235FF9FAE7BF,,1,,177,,1,0.3388,127564,Maria Austriastraat 722,Maria Austriastraat 722,Amsterdam,Amsterdam,North Holland,1087KH,159,,52.353330135339,5.00136550966624,,,,,,,0,178137,25,,,50,,2,,,,11,10,,2,,,,,,,,,,,,,,,,,,,,,,,,,,,,,,,,1,,,,50,2019-05-30T19:01:00Z,,1,2019-05-30T14:33:00Z,200,,,,,,,,,,,,,,,
,,,,,,,,false,,127216,BA423D89-8FF8-47C5-835D-5FFABD976433,,1,,177,,1,0.3388,127562,Pieter Oosterhuisstraat 9,Pieter Oosterhuisstraat 9,,Amsterdam,,1087 HT,159,,52.352441194956,5.00557549269763,,,,,,,0,178135,25,,,50,,2,,,,11,10,,2,,,,,,,,,,,,,,,,,,,,,,,,,,,,,,,,1,,,,50,2019-05-31T13:41:00Z,,1,2019-05-30T14:30:00Z,200,,,,,,,,,,,,,,,
,,,,,,,,false,,127215,3D67357C-AF37-437B-A98D-46F0AA6F2FD1,,1,,177,,1,0.3388,127561,Nuon NL,Ijburglaan 1554,,Amsterdam,,1087MA,159,,52.3514132,5.0017806,,,,,,,0,178134,25,,,50,,2,,,,11,10,,2,,,,,,,,,,,,,,,,,,,,,,,,,,,,,,,,2,,,,50,2019-05-30T19:01:00Z,,1,2019-05-30T14:27:00Z,200,,,,,,,,,,,,,,,
,,,,,,,,false,,127042,6D86C581-9C14-4274-A259-69E28A620459,,1,,103,,5,,127388,Allego charger kleiwerd,Kleiwerd 99,,Groningen,Groningen,9746CV,159,,53.2406007677666,6.51487359169641,,,,,,,0,177910,25,,,50,,2,,16,400,11,20,,2,,,,,,,,,,,,,,,,,,,,,,,,,,,,,,,,2,,,,50,2019-05-26T09:06:00Z,,1,2019-05-25T20:25:00Z,200,,,,,,,,,,,,,,,
,,,,,,,,false,,125954,880801FB-5913-4E51-96B2-ED2794A3B86B,,1,,23,34505,4,€0.25/kWh; andere tarieven voor oudere auto's,126300,Leiderdorp Supercharger,2 Persant Snoepweg,,Leiderdorp,ZH,,159,,52.160832,4.54932,,,,,,,0,176547,27,,,50,,3,,,,120,30,,24,,,,,,,,,,,,,,,,,,,,,,,,,,,,,,,,24,"16 Superchargers, available 24/7, up to 120kW",,,50,2020-04-11T11:20:00Z,,1,2019-05-10T05:52:00Z,200,,,,,,,,,,,,,,,
,,,,,,,,false,,125953,96331522-4840-4BFA-9207-3990DDD350B2,,1,,23,50067,4,,126299,Landgoed Hotel & Restaurant Groot Warnsborn,Bakenbergseweg 277,,Arnhem,,6816 VP,159,,52.010383,5.865473, +31 26 44 55 751,,,,,,0,176546,30,,,50,,2,,16,400,11,20,,2,,,,,,,,,,,,,,,,,,,,,,,,,,,,,,,,2,"2 Tesla Connectors, up to 11kW.Available for customers. Please see front desk.",,,50,2019-05-10T05:52:00Z,,1,2019-05-10T05:52:00Z,200,,,,,,,,,,,,,,,
,,,,,,,,false,,125731,7883EC2D-54A0-4B4A-9CFC-E4A091BA4139,,1,,74,,5,,126077,Fastned Den Hoek,A16 Noord,Zevenbergschen Hoek,Moerdijk,North Brabant,4765AP,159,,51.6626,4.678,,,,,,,0,176194,33,,,50,,3,,,,175,30,,1,,176195,33,,,50,,3,,,,50,30,,1,,176196,2,,,50,,3,,,,50,30,,2,,5,,,,50,2019-04-25T10:54:00Z,,1,2019-04-25T10:52:00Z,200,176197,1036,,,50,,3,,63,400,43,20,,1,
,,,,,,,,false,,125567,8884E4D2-47AF-4265-A9A9-BF0485CB4C13,,1,,38,,1,,125913,Lidl - Tilburg,Kalenbergplaats,Tilburg,Tilburg,North Brabant,5043 RA,159,,51.577526,5.002262,,,,,,,0,175962,2,,,50,,3,,,,35,30,,1,,175963,33,,,50,,3,,,,35,30,,1,,175964,1036,,,50,,3,,63,400,43,20,,1,,1,,,,50,2019-04-21T08:46:00Z,,1,2019-04-21T08:46:00Z,200,,,,,,,,,,,,,,,
,,,,,,,,false,,125565,EF7A5708-13EA-47C6-91F9-B58FC8C38481,,1,,38,,1,,125911,Lidl - Zaandam,Doctor H.G. Scholtenstraat 5A,Zaandam,Zaanstad,North Holland,1508 CP,159,,52.460983,4.817797,,,,,,,0,175956,2,,,50,,3,,,,50,30,,1,,175957,33,,,50,,3,,,,50,30,,1,,175958,1036,,,50,,3,,63,400,43,20,,1,,1,,,,50,2019-04-21T08:34:00Z,,1,2019-04-21T08:34:00Z,200,,,,,,,,,,,,,,,
,,,,,,,,false,,125557,BA73B3B8-702F-4D96-BBB3-EC025E557314,,1,,73,"EVB-P1628108,EVB-P1628150",4,,125903,Keukenhof,Stationsweg,,Lisse,South Holland,2161 AN,159,,52.268231,4.5438,,,,,,,0,175942,25,,,50,,2,,16,230,3.6,10,,2,,,,,,,,,,,,,,,,,,,,,,,,,,,,,,,,2,,,,50,2019-04-20T16:56:00Z,,1,2019-04-20T16:55:00Z,200,,,,,,,,,,,,,,,
,,,,,,,,false,,125548,F12534E0-AFA1-48C8-95B3-B0B47B34BB22,,1,,38,,1,,125894,Lidl Leeuwarden,Molkenkelder 55,,Goutum,,8941 AL,159,,53.172172,5.794169,,,,,,,0,175921,2,,,50,,3,,,,50,30,,1,,175922,33,,,50,,3,,,,50,30,,1,,175923,1036,,,50,,3,,63,400,43,20,,1,,1,,,,50,2019-04-20T08:55:00Z,,1,2019-04-20T08:54:00Z,200,,,,,,,,,,,,,,,
,,,,,,,,false,,125076,EF9AF031-BE1E-465F-ADB4-33E7AD1FF803,,1,,103,,1,,125422,Stationslaan,Stationslaan,Harderwijk,,Gelderland,3844GA,159,,52.3405957234005,5.62064976959232,,,,Paid parking space ,,,0,175300,25,,,50,,2,,16,400,11,20,,2,,,,,,,,,,,,,,,,,,,,,,,,,,,,,,,,2,usually available. Locals with ICE are usually taking up the parking spots.,,,50,2019-04-10T10:19:00Z,,1,2019-04-09T14:14:00Z,200,,,,,,,,,,,,,,,
,,,,,,,,false,,124955,2C048BCB-9870-4210-8FD6-7628A993B6C5,,1,,1,,1,,125301,Sphinx Parkeerterrein,Frontensingel,Maastricht,Maastricht,Limburg,6211XC,159,,50.8554201308655,5.68825694713689,,,,,,,0,175140,25,,,50,,2,,,,,20,,6,,,,,,,,,,,,,,,,,,,,,,,,,,,,,,,,6,,,,50,2019-04-06T22:18:00Z,,1,2019-04-06T19:05:00Z,200,,,,,,,,,,,,,,,
,,,,,,,,false,,118594,DB54EC10-1252-497F-AE4F-A0C0A71C18E5,,1,,47,,4,,118940,Cornelis Dirkszstraat 92,Cornelis Dirkszstraat 92,,Utrecht,,3554VN,159,,52.1120596801183,5.09502857905363,,,,,,,0,167732,25,,,50,,2,,,,11,20,,2,,,,,,,,,,,,,,,,,,,,,,,,,,,,,,,,2,,,,50,2019-03-27T20:54:00Z,,1,2019-03-26T20:27:00Z,200,,,,,,,,,,,,,,,
,,,,,,,,false,,118265,FE2798B5-70D2-4818-8027-83FB1CF7987F,,1,,23,49402,4,€0.25/kWh; andere tarieven voor oudere auto's,118611,Gouda Supercharger,1 Harderwijkweg,,Gouda,,,159,,52.022778,4.684873,,,,,,,0,167334,27,,,50,,3,,,,120,30,,16,,,,,,,,,,,,,,,,,,,,,,,,,,,,,,,,24,"Charging24 Superchargers, available 24/7, up to 120kW",,,50,2019-11-01T10:14:00Z,,1,2019-03-20T06:39:00Z,200,,,,,,,,,,,,,,,
,,,,,,,,false,,118264,9E5FBE8D-C367-4AE0-BB0C-44A364CF0592,,1,,23,49403,4,€0.25/kWh; andere tarieven voor oudere auto's,118610,Bunnik Supercharger,1 Baan Van Fectio,,Bunnik,,,159,,52.061035,5.205139,,,,,,,0,167333,27,,,50,,3,,,,120,30,,16,,,,,,,,,,,,,,,,,,,,,,,,,,,,,,,,32,"Charging32 Superchargers, available 24/7, up to 120kW",,,50,2019-04-06T07:02:00Z,,1,2019-03-20T06:37:00Z,200,,,,,,,,,,,,,,,
,,,,,,,,false,,118036,BC63D3B1-F3CB-44BD-B867-BBBC36EE31B2,,1,,23,49130,4,,118382,"Vakantiewoningen ""het Anker""",Oude Duinweg 9,,Hoorn-Terschelling,,8896JN,159,,53.3964675,5.3379015,+31 61 45 80 430,,,,,,0,167055,30,,,50,,2,,,,6,10,,2,,,,,,,,,,,,,,,,,,,,,,,,,,,,,,,,2,"2 Tesla Connectors, up to 6kW.Available for customers. Please call ahead.",,,50,2019-03-14T23:18:00Z,,1,2019-03-14T23:18:00Z,200,,,,,,,,,,,,,,,
,,,,,,,,false,,118003,FE5FADA5-FCAB-46B7-9A1F-140F19CA39DB,,1,,23,49138,4,,118349,Masami,Polarisavenue 151,,Hoofddorp,,2132 JJ,159,,52.2924587,4.7091108,+31631643357,,,,,,0,167022,30,,,50,,2,,32,400,22,20,,2,,,,,,,,,,,,,,,,,,,,,,,,,,,,,,,,2,"2 Tesla Connectors, up to 22kW.Available for customers. Self park.",,,50,2019-03-14T23:12:00Z,,1,2019-03-14T23:12:00Z,200,,,,,,,,,,,,,,,
,,,,,,,,false,,117994,6780B7CD-92EB-4D62-874E-53B3CF87A4B8,,1,,23,49147,4,,118340,Lake 7,Strandweg 23,,Zevenhuizen,,2761DM,159,,51.975543,4.5603847,104201115,,,,,,0,167013,30,,,50,,2,,32,400,22,20,,2,,,,,,,,,,,,,,,,,,,,,,,,,,,,,,,,2,"2 Tesla Connectors, up to 22kW.Available for customers. Please see front desk.",,,50,2019-03-14T23:10:00Z,,1,2019-03-14T23:10:00Z,200,,,,,,,,,,,,,,,
,,,,,,,,false,,117932,ECD1B5AE-695E-4D36-9EF3-31A1A4344FE2,,1,,1,,1,"standard Dutch electricity, about 30 ct/KWh",118278,Parkeerplaats achter Stoholm 4,Stoholm 4,,Hoofddorp,,2133 KH,159,,52.3150485082558,4.66741673572017,,,,,,,0,166920,25,,,50,,2,,,,22,20,,2,,,,,,,,,,,,,,,,,,,,,,,,,,,,,,,,2,Operator: PitPoint,,,50,2019-03-11T20:44:00Z,,1,2019-03-11T14:32:00Z,200,,,,,,,,,,,,,,,
,,,,,,,,false,,117882,81902308-7D11-40C8-A934-E950C560AC3E,,1,,45,,6,,118228,Tivolilaan 205,Tivolilaan 205,Arnhem,Arnhem,Gelderland,6824BV,159,,51.987262033686,5.9328307506953,,,,Bezoek aan kantoor verplicht,,,0,166823,17,,,50,,2,,,,22,10,,,,,,,,,,,,,,,,,,,,,,,,,,,,,,,,,,4,,,,50,2019-03-07T11:22:00Z,,1,2019-03-07T09:42:00Z,200,,,,,,,,,,,,,,,
,,,,,,,,false,,117879,A1A0A5C4-2728-4B2C-AB53-049AE017D863,,1,,177,,1,,118225,Uilenburgersteeg,Uilenburgersteeg,Amsterdam,Amsterdam,Nordholland,1011SM,159,,52.36967685612797,4.902912452417581,,,,2 x 11 kW - Noun.nl download the app and register.,,,0,166817,25,,,50,,2,,,,11,,,2,,,,,,,,,,,,,,,,,,,,,,,,,,,,,,,,2,"2 x 11kW Charger, download the App Nuon and register",,,50,2019-03-07T11:23:00Z,,1,2019-03-06T18:46:00Z,200,,,,,,,,,,,,,,,
,,,,,,,,false,,117878,94BFB959-5E92-4816-AB31-0A0AC2B58DFA,,1,,177,,1,,118224,Rapenburgerstraat,Rapenburgerstraat,Amsterdam,Amsterdam,Nordholland,1011MN,159,,52.3684088304119,4.90605465079534,,,,"2 x 11 Kw Charger, download the noun.nl app and register.",,,0,166816,25,,,50,,2,,,,11,,,2,,,,,,,,,,,,,,,,,,,,,,,,,,,,,,,,2,,,,50,2019-03-07T11:22:00Z,,1,2019-03-06T18:28:00Z,200,,,,,,,,,,,,,,,
,,,,,,,,false,,114251,51CE1770-4C83-44DB-9B65-73A1669E1076,,1,,73,EVB-P1620689,0,Free,114597,"Daslook, Nootdorp",Daslook,,Nootdorp ,,,159,,52.041151091205,4.39949333667755,,,,,,,0,160971,25,,,50,,2,,16,230,3.7,10,,1,,,,,,,,,,,,,,,,,,,,,,,,,,,,,,,,1,,,,50,2019-01-06T12:00:00Z,,1,2019-01-04T12:00:00Z,200,,,,,,,,,,,,,,,
,,,,,,,,false,,114119,CEF1C4C2-B671-43D8-A0BE-036EA06AA27E,,1,,23,47348,4,,114465,Hotel Van der Valk Sassenheim-Leiden,Warmonderweg 8,,Sassenheim,,2171AH,159,,52.212619,4.504546, +31 252 219 019,,,,,,0,160689,30,,,50,,2,,16,400,11,20,,2,,,,,,,,,,,,,,,,,,,,,,,,,,,,,,,,2,"2 Tesla Connectors, up to 11kW.Available to the public. Self park.",,,50,2019-01-03T07:56:00Z,,1,2019-01-03T07:56:00Z,200,,,,,,,,,,,,,,,
,,,,,,,,false,,114112,0896FE8F-8B4A-4CA7-AA1D-75B2E31AF39F,,1,,23,46885,4,,114458,Boompjes Restaurant,Irenestraat 1,,Overloon,,5825CA,159,,51.5711274,5.9461312, +31 47 864 22 27,,,,,,0,160682,30,,,50,,2,,32,400,22,20,,1,,,,,,,,,,,,,,,,,,,,,,,,,,,,,,,,1,"1 Tesla Connector, up to 22kW.Available for customers. Please see front desk.",,,50,2019-01-03T07:54:00Z,,1,2019-01-03T07:54:00Z,200,,,,,,,,,,,,,,,
,,,,,,,,false,,114034,E020633E-5A96-4ABC-8E24-628351D28FE1,,1,,23,43474,4,€0.25/kWh; andere tarieven voor oudere auto's,114380,Badhoevedorp Supercharger,275 Schipholweg,,Badhoevedorp,NH,,159,,52.329339,4.784994,,,,,,,0,160604,27,,,50,,3,,,,120,30,,32,,,,,,,,,,,,,,,,,,,,,,,,,,,,,,,,32,"Charging32 Superchargers, available 24/7, up to 120kW",,,50,2019-03-23T08:00:00Z,,1,2019-01-03T06:38:00Z,200,,,,,,,,,,,,,,,
,,,,,,,,false,,113931,94F7F7AE-7695-4549-96AC-9C5C340C0986,,1,,23,46886,4,,114277,Netl de Wildste Tuin,Leemringweg 19,,Kraggenburg,,8317RD,159,,52.6821961,5.8744425,+31 527 203 043,,,,,,0,160501,30,,,50,,2,,16,400,11,20,,3,,,,,,,,,,,,,,,,,,,,,,,,,,,,,,,,3,"3 Tesla Connectors, up to 11kW.Available to the public. Self park.",,,50,2019-01-02T22:00:00Z,,1,2019-01-02T22:00:00Z,200,,,,,,,,,,,,,,,
,,,,,,,,false,,113706,7F79C373-EDE7-4D3C-AC7C-01F93CDC06FB,,1,,1,,1,,114052,"Markt Parkeerplaats, Ijzendijke",Markt 20,,Ijzendijke,Zeeland,4515 BD,159,,51.3220072995403,3.61675304907385,,,,"Op markt, vlakbij standbeeld, tegenover Cafe Brigand",,,0,160264,25,,,50,,2,,32,400,22,20,,2,,,,,,,,,,,,,,,,,,,,,,,,,,,,,,,,2,,,,50,2019-08-11T16:56:00Z,,1,2019-01-01T10:33:00Z,200,,,,,,,,,,,,,,,
,,,,,,,,false,,113701,9AD0895F-9EE9-4D26-8853-06392F4FD9A4,,1,,179,,1,,114047,Agrisneltank gas station,Stationsweg 33,,Terneuzen,,4538AD,159,,51.3310089,3.8248858,,,,,https://www.agrisnellaad.nl/,,0,160255,2,,,50,,3,,,,50,30,,1,,160261,33,,,50,,3,,,,50,30,,1,,,,,,,,,,,,,,,,,1,,,,50,2018-12-31T22:59:00Z,,1,2018-12-31T10:26:00Z,200,,,,,,,,,,,,,,,
,,,,,,,,false,,113528,929AB040-91C7-40B9-AD68-D62E4B2158FC,,1,,174,,6,,113874,De Krommert,Het Burgstuk,,Heiloo,,1851ZB,159,,52.591222,4.708903,,,,,,,0,159964,1036,,,50,,2,,16,400,11,20,,2,,,,,,,,,,,,,,,,,,,,,,,,,,,,,,,,2,,,,50,2018-12-20T13:02:00Z,,1,2018-12-18T09:43:00Z,200,,,,,,,,,,,,,,,
,,,,,,,,false,,113527,1E72C41E-FC1D-4012-A4FB-29E119240D67,,1,,180,,1,,113873,De Strandwal,De Strandwal 22,,Heiloo,,1851VM,159,,52.5965819344334,4.71197017829419,,,,,,,0,159963,1036,,,50,,2,,16,400,11,20,,2,,,,,,,,,,,,,,,,,,,,,,,,,,,,,,,,2,,,,50,2018-12-20T09:16:00Z,,1,2018-12-18T09:35:00Z,200,,,,,,,,,,,,,,,
,,,,,,,,false,,112703,A4276841-1814-4A00-8B7F-CEFF4804DCB6,,1,,180,,3,"€ 0,30 kWh",113049,Kleine Veerweg 27,Kleine Veerweg,Zwolle,Zwolle,Overijssel,8016PA,159,,52.4793532300083,6.089476456552347,+31384605833,+31650676476,van.swaay@ziggo.nl,,,,0,158694,25,,,50,,2,,20,,4,10,,,,,,,,,,,,,,,,,,,,,,,,,,,,,,,,,,1,Position on private property accessible from public road,,,50,2018-11-12T16:07:00Z,,1,2018-11-11T10:30:00Z,200,,,,,,,,,,,,,,,
,,,,,,,,false,,112286,958AB42A-F961-4BA8-808F-9D8B4A7E01D4,,1,,1,,1,€0.33/kWh,112632,Hoefijzerstraat,Hoefijzerstraat 27,,Utrecht,Utrecht,3572BT,159,,52.09589567649837,5.137107873541254,,,,NewMotion UTPITEN288,"https://docs.google.com/forms/d/e/1FAIpQLSfuLPLZa47aHXb5aVtou7TawzjAq3C-PKaU8hfj-by74nW7ug/viewform?entry.1128614834=UTPITEN288&entry.1203560552=Hoefijzerstraat%2033,%203572%20BW,%20Utrecht&entry.1001590097&entry.1545995643&entry.1017816440&entry.1618503440&entry.619684703&entry.701341872",,0,157902,25,,,50,,2,,16,,11,20,,2,,,,,,,,,,,,,,,,,,,,,,,,,,,,,,,,2,,,,50,2018-10-23T12:31:00Z,,1,2018-10-22T21:32:00Z,200,,,,,,,,,,,,,,,
,,,,,,,,false,,109352,91AAC690-02E7-49E8-88D9-39B2ACDDF732,,1,,23,45290,4,,109698,B & B de Grote Byvanck,Klapstraat 172,,Westervoort,,6931 CN,159,,51.951697,5.970656, +31 62 21 29 217,,,,,,0,154470,30,,,50,,2,,16,400,11,20,,1,,,,,,,,,,,,,,,,,,,,,,,,,,,,,,,,1,"1 Tesla Connector, up to 11kW.Available for customers. Please call ahead.",,,50,2018-10-11T14:32:00Z,,1,2018-10-11T14:32:00Z,200,,,,,,,,,,,,,,,
,,,,,,,,false,,109263,3CB2C116-DFC8-4CF9-8709-75787D78E701,,1,,23,45282,4,,109609,Restaurant Zoet of Zout,Haringvlietplein 3,,,Stellendam,3251 LD,159,,51.826405,4.0442323, +31 18 74 99 913,,,,,,0,154381,30,,,50,,2,,16,400,11,20,,1,,,,,,,,,,,,,,,,,,,,,,,,,,,,,,,,1,"1 Tesla Connector, up to 11kW.Available for customers. Please see front desk.",,,50,2018-10-11T14:07:00Z,,1,2018-10-11T14:07:00Z,200,,,,,,,,,,,,,,,
,,,,,,,,false,,109191,71E8E598-A2C1-4B05-9C14-DFF8A7A33E72,,1,,23,44579,7,,109537,Jachthaven Lutsmond,Sleatemar 1a,,Balk,,8561 BJ,159,,52.904648,5.598225,+31 51 46 03 434,,,,,,0,154309,30,,,50,,2,,,,14,20,,1,,,,,,,,,,,,,,,,,,,,,,,,,,,,,,,,1,"1 Tesla Connector, up to 14kW.Available by reservation only. Please see front desk.",,,50,2018-10-11T13:53:00Z,,1,2018-10-11T13:53:00Z,200,,,,,,,,,,,,,,,
,,,,,,,,false,,109085,4690C339-F084-4B5F-A49F-38F5C8914183,,1,,23,44765,4,,109431,Van der Valk Hotel Groningen-Zuidbroek,Burgemeester Omtaweg 4,,Zuidbroek,,9636 EM,159,,53.1701126,6.852452, +31 59 84 53 787,,,,,,0,154203,30,,,50,,2,,32,400,22,20,,1,,,,,,,,,,,,,,,,,,,,,,,,,,,,,,,,1,"1 Tesla Connector, up to 22kW.Available to the public. Self park.",,,50,2018-10-11T13:34:00Z,,1,2018-10-11T13:34:00Z,200,,,,,,,,,,,,,,,
,,,,,,,,false,,109059,4989DBD7-5E51-4B3E-BED6-FC92A6468BFB,,1,,23,34142,4,€0.25/kWh; andere tarieven voor oudere auto's,109405,Breda Supercharger,5 Princenhagelaan,,Breda,,,159,,51.5765157,4.729773,,,,,,,0,154177,27,,,50,,3,,,,120,30,,16,,,,,,,,,,,,,,,,,,,,,,,,,,,,,,,,16,"12 Superchargers, available 24/7, up to 120kW",,,50,2020-12-11T09:49:00Z,,1,2018-10-11T13:29:00Z,200,,,,,,,,,,,,,,,
,,,,,,,,false,,108631,68AA9C2B-7060-48D6-8360-6728541F2FDC,,1,,1,,1,,108977,Hoek Gijsbrecht van Amstelstraat en Oude Loosdrechtseweg,Gijsbrecht van Amstelstraat,Hilversum,,Noord-Holland,1215CM,159,,52.21624793157964,5.161669539887498,,,,,,,0,153709,1,,,,,2,,,,11,,,,,,,,,,,,,,,,,,,,,,,,,,,,,,,,,,,1,,,,50,2018-10-14T15:01:00Z,,1,2018-10-08T09:02:00Z,200,,,,,,,,,,,,,,,
,,,,,,,,false,,108380,6FA851B9-6113-410C-8C5D-72A73AF1DDC9,,1,,179,,1,Free,108726,Parking Garage Bellevue,Bellevue 3,,Groesbeek,,6561CA,159,,51.7785811254632,5.93351782094942,,,,"Enter the Bellevue parking garage, turn right and drive all the way back till you get to the corner. ",,,0,153234,25,,,50,,2,,32,400,22,20,,2,,,,,,,,,,,,,,,,,,,,,,,,,,,,,,,,1,Owned by Gemeente Berg en Dal,,,50,2018-10-07T19:16:00Z,,1,2018-09-26T09:48:00Z,100,,,,,,,,,,,,,,,
,,,,,,,,false,,107922,7CE3319B-9EFE-4630-93B8-A5E1060B12D4,,1,,1,,1,Paod,108268,Boyleweg,Boyleweg 6,,Spijkenisse,Zuid-Holland,,159,,51.8546165691436,4.30309292047241,,,,,,,0,152411,2,,,50,,3,,,,50,30,,,,152412,33,,,50,,3,,,,50,30,,,,,,,,,,,,,,,,,,,1,,,,50,2018-11-16T11:36:00Z,,1,2018-08-19T01:30:00Z,200,,,,,,,,,,,,,,,
,,,,,,,,false,,107697,14131FBE-D521-4747-A10B-C6BCCEB986B9,,1,,103,,1,"start € 2,25 + € 0,30/minute",108043,50 kW Fastcharger  Winkelcentrum Struytse Hoeck 62 tegenover BCC,Struytse Hoeck 62,,Hellevoetsluis,,3224HA,159,,51.8324132619278,4.14737400335343,0800-3745337,0181-330420,info@allego.eu,public 24/7,https://www.hellevoetsluis.nl/Inwoners/WONEN_EN_LEEFOMGEVING/Natuur_en_milieu/Elektrisch_rijden,,0,152049,2,,,50,,3,,125,400,50,30,,1,,152050,25,,,50,,3,,63,400,43,20,,1,,152051,33,,,50,,3,,125,400,50,30,,1,,2,"snellader eigendom van gemeente, beheerd door Allego",,,50,2019-10-08T19:35:00Z,,1,2018-08-07T15:13:00Z,200,,,,,,,,,,,,,,,
,,,,,,,,false,,107646,086C48D3-AA7D-4B2D-AEE1-48B10F37A604,,1,,103,,1,Paid,107992,Abe Bonnemastraat,Abe Bonnemastraat,,Bergschenhoek,Zuid-Holland,,159,,51.989683722539,4.48553402113248,,,,,,,0,151919,25,,,50,,2,,,,,20,,,,151920,25,,,50,,2,,,,,20,,,,,,,,,,,,,,,,,,,1,,,,50,2018-12-23T12:42:00Z,,1,2018-08-04T11:27:00Z,200,,,,,,,,,,,,,,,
,,,,,,,,false,,107341,57A2DBC1-FBC3-4848-9721-36C74CB40057,,1,,45,,6,free,107687,AnyTyme Palazzo Lelystad,Zuiderpoort 37,,Lelystad,,8239 AB,159,,52.4914155640247,5.48303814966812,,,,,http://www.anytyme.nl/Cafetarias/AnyTyme-Snack-Dine-Lelystad-anytime-is-snacktime.htm,,0,151446,23,,,50,,2,,16,220,3.5,10,,3,,,,,,,,,,,,,,,,,,,,,,,,,,,,,,,,3,Only for bicycles or scooters at opening hours.,,,50,2018-07-24T19:36:00Z,,1,2018-07-24T19:29:00Z,200,,,,,,,,,,,,,,,
,,,,,,,,false,,107207,84929B62-BF85-4368-9DC5-55981DB96C2D,,1,,45,,1,Free,107553,Home center Wolvega,Frisaxstraat 12,,Wolvega,,8471 ZW,159,,52.886433114105465,5.99432140555723,,,,,https://www.homecenter.nl/route-adres,,0,151197,25,,,50,,2,,,,22,20,,72,,,,,,,,,,,,,,,,,,,,,,,,,,,,,,,,72,On 13/07/2018 the world record for most ev's charging simultaneously was set at 85 on this site.,,,50,2018-07-23T00:35:00Z,,1,2018-07-23T00:29:00Z,200,,,,,,,,,,,,,,,
,,,,,,,,false,,106514,B194D44A-B669-412A-ACDE-9116FFDD25DF,,1,,23,44427,4,,106860,Hotels Van Oranje,Koningin Wilhelmina Boulevard 20,,Noordwijk aan Zee,,2202 GV,159,,52.247115,4.432682,+31 71 36 86 869,,,,,,0,149891,30,,,50,,2,,16,400,11,20,,2,,,,,,,,,,,,,,,,,,,,,,,,,,,,,,,,2,"2 Tesla Connectors, up to 11kW.Available for customers. Please see valet.",,,50,2018-10-03T23:25:00Z,,1,2018-06-23T05:41:00Z,200,,,,,,,,,,,,,,,
,,,,,,,,false,,106202,C5FE0309-6E1F-4377-B3A0-9B2BFA104CD7,,1,,23,44310,4,,106548,Hotel Nimma Nijmegen,Weurtseweg 478,,Nijmegen,,6541 BE,159,,51.854285,5.837113,+31 24 84 44 007,,,,,,0,149538,30,,,50,,2,,16,400,11,20,,1,,,,,,,,,,,,,,,,,,,,,,,,,,,,,,,,1,"1 Tesla Connector, up to 11kW.Available for customers. Please see front desk.",,,50,2018-10-03T23:07:00Z,,1,2018-06-17T05:32:00Z,200,,,,,,,,,,,,,,,
,,,,,,,,false,,104994,63F81F60-5739-4254-97AA-E24A20CF186E,,1,,23,34148,4,€0.25/kWh; andere tarieven voor oudere auto's,105340,Breukelen Supercharger,91 Stationsweg,,Breukelen,,3621 LK,159,,52.167178,4.989068,,,,,,,0,148069,27,,,50,,3,,,,120,30,,28,,,,,,,,,,,,,,,,,,,,,,,,,,,,,,,,28,"28 Superchargers, available 24/7, up to 120kW",,,50,2019-03-23T07:54:00Z,,1,2018-05-27T05:29:00Z,200,,,,,,,,,,,,,,,
,,,,,,,,false,,104903,EBF56D26-B41A-4A97-8369-057AF91DE2CB,,1,,23,43383,7,,105249,Blue & Manna Hotels,Oranjesingel 14,,Nijmegen,,6511 NT,159,,51.842314,5.862685,+31 24 74 40 094,,,,,,0,147976,30,,,50,,2,,32,230,7,10,,2,,,,,,,,,,,,,,,,,,,,,,,,,,,,,,,,2,"2 Tesla Connectors, up to 7kW.Available by reservation only. Please see front desk.",,,50,2018-10-03T15:50:00Z,,1,2018-05-26T05:30:00Z,200,,,,,,,,,,,,,,,
,,,,,,,,false,,104478,D8A3D2B4-CDD3-4ADA-9693-1324AF39835D,,1,,23,43209,4,,104824,Qo Amsterdam,Amstelvlietstraat 2D,,Amsterdam,,1096 GG,159,,52.338392,4.920993,+31 (0) 20 22 05 650,,,,,,0,147473,30,,,50,,2,,16,400,11,20,,2,,,,,,,,,,,,,,,,,,,,,,,,,,,,,,,,2,"2 Tesla Connectors, up to 11kW.Available to the public. Self park.",,,50,2018-10-03T15:40:00Z,,1,2018-05-20T05:43:00Z,200,,,,,,,,,,,,,,,
,,,,,,,,false,,104466,AA35BDCB-8343-4FDD-A663-FF0E7C067C8F,,1,,23,43176,4,,104812,Evenementenhal Gorinchem,Franklinweg 2,,Gorinchem,,4207 HZ,159,,51.839649,5.009054,+31 18 36 80 680,,,,,,0,147461,30,,,50,,2,,32,400,22,20,,3,,,,,,,,,,,,,,,,,,,,,,,,,,,,,,,,3,"3 Tesla Connectors, up to 22kW.Available for customers. Self park.",,,50,2018-10-03T23:24:00Z,,1,2018-05-20T05:41:00Z,200,,,,,,,,,,,,,,,
,,,,,,,,false,,104406,19BB833A-4FF1-47FC-B703-696C3F35C574,,1,,23,43174,4,,104752,Hotel - Restaurant - Brasserie 'T Paviljoen,Grebbeweg 103-105,,Rhenen,,3911AV,159,,51.955958,5.58951,+31 31 76 19 003,,,,,,0,147401,30,,,50,,2,,32,230,7,10,,1,,,,,,,,,,,,,,,,,,,,,,,,,,,,,,,,1,"1 Tesla Connector, up to 7kW.Available for customers. Self park.",,,50,2018-10-03T16:01:00Z,,1,2018-05-20T05:30:00Z,200,,,,,,,,,,,,,,,
,,,,,,,,false,,104403,0CC7A592-7C48-4E4D-9F6A-D382E4D60CE7,,1,,23,43206,4,,104749,Harlingen Garden Apartment,Harlingersstraatweg 52a,,Midlum,,8872NB,159,,53.182109,5.434368,+31610951274,,,,,,0,147398,30,,,50,,2,,16,400,11,20,,1,,,,,,,,,,,,,,,,,,,,,,,,,,,,,,,,1,"1 Tesla Connector, up to 11kW.Available for customers. Please see front desk.",,,50,2018-10-03T22:10:00Z,,1,2018-05-20T05:30:00Z,200,,,,,,,,,,,,,,,
,,,,,,,,false,,104402,CF2FA7CD-E27C-4656-A169-34C80150762D,,1,,23,43224,4,,104748,Evenementenhal Hardenberg,Energieweg 2,,Hardenberg,,7772 TV,159,,52.558383,6.626275,+31 52 32 89 898,,,,,,0,147397,30,,,50,,2,,32,400,22,20,,1,,,,,,,,,,,,,,,,,,,,,,,,,,,,,,,,1,"1 Tesla Connector, up to 22kW.Available for customers. Self park.",,,50,2018-10-03T23:44:00Z,,1,2018-05-20T05:30:00Z,200,,,,,,,,,,,,,,,
,,,,,,,,false,,104391,AF9174E9-A492-4177-B829-3C24808ECD0B,,1,,23,43172,4,,104737,Hotel Beaumont,Lage Barakken 10,,Maastricht,,6221 CJ,159,,50.849842,5.700734,+31 43 32 54 433,,,,,,0,147386,30,,,50,,2,,32,400,22,20,,3,,,,,,,,,,,,,,,,,,,,,,,,,,,,,,,,3,"3 Tesla Connectors, up to 22kW.Available for customers. Please see front desk.",,,50,2018-10-03T23:42:00Z,,1,2018-05-20T05:28:00Z,200,,,,,,,,,,,,,,,
,,,,,,,,false,,103534,F1EFD584-49D1-41A0-ACD9-3CAF390E1D1D,,1,,23,42477,4,,103880,Batavia Stad,Bataviaplein 60,,Lelystad,,8242 PN,159,,52.52305,5.43792,+31 320 29 29 00,,,,,,0,146201,30,,,50,,2,,32,400,22,20,,20,,,,,,,,,,,,,,,,,,,,,,,,,,,,,,,,20,"20 Tesla Connectors, up to 22kW.Available for customers. Self park.",,,50,2018-10-03T23:47:00Z,,1,2018-05-04T05:36:00Z,200,,,,,,,,,,,,,,,
,,,,,,,,false,,102025,A28CC2B2-ACD6-4DC8-991B-30754E62BA7E,,1,,23,42237,4,,102371,G&G Special Sizes,Hoofdweg 254,,Slochteren,,9621AS,159,,53.199743,6.788897,+31 59 84 22450,,,,,,0,144008,30,,,50,,2,,16,400,22,20,,1,,,,,,,,,,,,,,,,,,,,,,,,,,,,,,,,1,"1 Tesla Connector, up to 11kW.Available for customers. Self park.",,,50,2018-10-03T23:06:00Z,,1,2018-04-16T04:58:00Z,200,,,,,,,,,,,,,,,
,,,,,,,,false,,101121,5932416D-590E-46AE-9FC0-3C4F62DAED46,,1,,23,41484,4,€0.25/kWh; andere tarieven voor oudere auto's,101467,Zaltbommel Supercharger,65 Hogeweg,,Zaltbommel,,5301 LJ,159,,51.796249,5.254964,,,,,,,0,142749,27,,,50,,3,,,,120,30,,16,,,,,,,,,,,,,,,,,,,,,,,,,,,,,,,,16,"Charging16 Superchargers, available 24/7, up to 120kW",,,50,2019-03-23T07:52:00Z,,1,2018-03-17T07:12:00Z,200,,,,,,,,,,,,,,,
,,,,,,,,false,,101107,DD557789-57A0-44CE-A8F8-040CDDFB500E,,1,,23,34354,4,€0.25/kWh; andere tarieven voor oudere auto's,101453,Vuren Supercharger,21 Zeiving,,Vuren,,4214 KT,159,,51.839079,5.09062,,,,,,,0,142735,27,,,50,,3,,,,120,30,,12,,,,,,,,,,,,,,,,,,,,,,,,,,,,,,,,12,"chargingCharging12 Superchargers, available 24/7, up to 120kW",,,50,2019-03-22T20:56:00Z,,1,2018-03-17T07:09:00Z,200,,,,,,,,,,,,,,,
,,,,,,,,false,,100886,7CE1EC6D-8CE3-45BE-BCEA-45AB65727F77,,1,,1,,0,Free,101232,Race Planet,Herwijk 10,,Amsterdam,,1046,159,,52.3962498,4.7896188,,,,By the main entrance,http://raceplanet.nl,,0,142467,25,,,0,,2,,,,,,,2,,,,,,,,,,,,,,,,,,,,,,,,,,,,,,,,2,,,,50,2018-03-12T09:02:00Z,,1,2018-03-10T13:21:00Z,200,,,,,,,,,,,,,,,
,,,,,,,,false,,100803,45A8CD05-AC3D-41D6-8584-56720A1BDABB,,1,,23,41301,4,,101149,Pannenkoekenrestaurant den Tol - Velp,Bosschebaan 8,,Velp,,5363SX,159,,51.74507,5.716071,+31 486 472 114,,,,,,0,142383,30,,,50,,2,,16,400,11,20,,1,,,,,,,,,,,,,,,,,,,,,,,,,,,,,,,,1,"1 Tesla Connector, up to 11kW.Available for customers. Please see front desk.",,,50,2018-10-03T16:03:00Z,,1,2018-03-10T06:51:00Z,200,,,,,,,,,,,,,,,
,,,,,,,,false,,100774,4958C78F-860A-49CE-863C-563F7F8A8E28,,1,,23,41272,4,,101120,Skidiscovery den Haag,Waterpas 99,,Den Haag,,2495AV,159,,52.059399,4.362439,+31 703991014,,,,,,0,142354,30,,,50,,2,,32,230,17,20,,1,,,,,,,,,,,,,,,,,,,,,,,,,,,,,,,,1,"1 Tesla Connector, up to 17kW.Available for customers. Please call ahead.",,,50,2018-10-03T22:24:00Z,,1,2018-03-10T06:47:00Z,200,,,,,,,,,,,,,,,
,,,,,,,,false,,100619,02652ED0-29F3-47BC-8CB2-679F0F96BD45,,1,,74,,5,Free,100965,Fastned - De Watering,A8,,zaandam,,,159,,52.4422712592311,4.855034351348877,,,,,,,0,142123,33,,,0,,3,,,,175,30,,2,,142124,2,,,0,,3,,,,50,30,,2,,142125,30,,,0,,,,,,,,,,,2,,,,50,2018-03-02T08:31:00Z,,1,2018-03-02T03:00:00Z,200,,,,,,,,,,,,,,,
,,,,,,,,false,,100426,6637B75B-F764-4981-ACF1-D30BE3C2FEB0,,1,,1,,5,Free,100772,ColoCenter,Heliumsstraat 200,,Zoetermeer,,2718RS,159,,52.0333797904231,4.497190117836,,,info@colocenter.nl,,http://www.colocenter.nl,,0,141849,25,,,50,,2,,32,400,22,20,,2,,,,,,,,,,,,,,,,,,,,,,,,,,,,,,,,2,,,,50,2018-02-25T22:30:00Z,,1,2018-02-24T10:24:00Z,200,,,,,,,,,,,,,,,
,,,,,,,,false,,100356,9EE15F3B-607D-4A85-A5E6-12B6B65061C3,,1,,23,40897,4,,100702,Hotel Restaurant de Nachtegaal,Heereweg 10,,Lisse,,2161 AG,159,,52.271875,4.564281,+31 252 433030,,,,,,0,141775,30,,,50,,2,,16,400,11,20,,2,,,,,,,,,,,,,,,,,,,,,,,,,,,,,,,,2,"2 Tesla Connectors, up to 11kW.Available for customers. Please see front desk.",,,50,2018-10-03T23:36:00Z,,1,2018-02-23T06:50:00Z,200,,,,,,,,,,,,,,,
,,,,,,,,false,,99682,83B87249-4A73-4678-AD77-9B7BAD6F38CB,,1,,23,40198,4,,100028,De Woeste Wieven - Boutique & Conference Hotel,Deldensestraat 11,,Diepenheim,,7478pg,159,,52.175972,6.614891,+31 620848424,,,,,,0,140827,30,,,50,,2,,32,400,22,20,,2,,,,,,,,,,,,,,,,,,,,,,,,,,,,,,,,2,"2 Tesla Connectors, up to 22kW.Available for customers. Please call ahead.",,,50,2018-10-03T16:26:00Z,,1,2018-02-01T07:10:00Z,200,,,,,,,,,,,,,,,
,,,,,,,,false,,99635,FD49EB55-8E89-463F-BF69-8E69AB2F49CF,,1,,23,40199,4,,99981,Conservatorium Hotel,Paulus Potterstraat 50,,Amsterdam,,1071 DB,159,,52.35883,4.878628,+31 205700000,,,,,,0,140780,30,,,50,,2,,32,230,14,20,,1,,,,,,,,,,,,,,,,,,,,,,,,,,,,,,,,1,"1 Tesla Connector, up to 14kW.Available for customers. Please see valet.",,,50,2018-10-03T23:42:00Z,,1,2018-02-01T07:03:00Z,200,,,,,,,,,,,,,,,
,,,,,,,,false,,98125,403B4F88-7496-4909-BEAA-2F611CF11E0E,,1,,73,,1,,98471,Parkeergarage Raadhuisplein,De Marke 1,9203DV,Drachten,Friesland,9203DV,159,,53.1054347,6.10054679999996,0031610990023,,,"Parkeergarage Raadhuisplein

Openingstijden:
op werkdagen: van 6.30 tot 22.00 uur
op zaterdag: van 7.00 uur tot 22.00 uur
op zondag: gesloten
op feestdagen: open als winkels in het centrum zijn geopend tussen 7.00 en 22.00 uur (bv Tweede Paasdag, Tweede Pinksterdag, Tweede Kerstdag)

Uitrijden 24 uur per dag
Per uur € 1,25
Per dag € 2,50
Het te betalen bedrag wordt afgerond op 10 cent.
Het minimumbedrag is € 0,20 (is 11 minuten).
Maandabonnement € 63,16

Verloren kaart €10,00
Telefoonnummer parkeergarage 06-10990023

In de  parkeergarages zijn de algemene voorwaarden van toepassing. Deze zijn op te vragen bij de beheerder. ",http://www.ev-box.com,,0,139034,25,,,50,,2,,,,22,20,,6,,,,,,,,,,,,,,,,,,,,,,,,,,,,,,,,6,,,,50,2018-01-24T09:41:00Z,,1,2018-01-21T19:36:00Z,200,,,,,,,,,,,,,,,
,,,,,,,,false,,98098,CBB48796-889D-4419-B030-2A95A1F84E5F,,1,,23,38619,4,,98444,Chateau de Holtmuehle,Kasteellaan 10,,Tegelen,,5932 AG,159,,51.331131,6.136385,+31 773738800,,,,,,0,139007,30,,,50,,2,,32,400,22,20,,1,,,,,,,,,,,,,,,,,,,,,,,,,,,,,,,,1,"1 Tesla Connector, up to 22kW.Available for customers. Please see front desk.",,,50,2018-10-03T16:07:00Z,,1,2018-01-21T17:49:00Z,200,,,,,,,,,,,,,,,
,,,,,,,,false,,98029,4442623C-ECB3-44DD-9261-9F54D5F71FD1,,1,,23,38161,4,,98375,Saillant Kasteel Doenrade,Limpensweg 20,,Doenrade,,6439BE,159,,50.961264,5.908891,+31 46 4424141,,,,,,0,138937,30,,,50,,2,,16,400,11,20,,2,,,,,,,,,,,,,,,,,,,,,,,,,,,,,,,,2,"2 Tesla Connectors, up to 11kW.Available for customers. Self park.",,,50,2018-10-03T23:50:00Z,,1,2018-01-21T17:36:00Z,200,,,,,,,,,,,,,,,
,,,,,,,,false,,97928,8D970114-3948-4784-8425-2909666F2684,,1,,23,38639,4,,98274,Villa Magnolia,Oude Domburgseweg 20,,Oostkapelle,,4356 CC,159,,51.568291,3.539339,+31 118 581 980,,,,,,0,138836,30,,,50,,2,,32,230,17,20,,1,,,,,,,,,,,,,,,,,,,,,,,,,,,,,,,,1,"1 Tesla Connector, up to 17kW.Available for customers. Self park.",,,50,2018-10-03T23:33:00Z,,1,2018-01-21T17:01:00Z,200,,,,,,,,,,,,,,,
,,,,,,,,false,,97668,84E48479-2FE2-49B3-BDCA-49BC084717DD,,1,,23,38646,4,,98014,Dutch Design Hotel Artemis Amsterdam,John M. Keynesplein 2,,Amsterdam,,1066 EP,159,,52.341746,4.824712,+31 207141000,,,,,,0,138576,30,,,50,,2,,32,400,22,20,,2,,,,,,,,,,,,,,,,,,,,,,,,,,,,,,,,2,"2 Tesla Connectors, up to 22kW.Available to the public. Self park.",,,50,2018-10-03T16:04:00Z,,1,2018-01-21T16:21:00Z,200,,,,,,,,,,,,,,,
,,,,,,,,false,,97566,2F076D3F-E26B-4750-9ADE-9369E64ED83D,,1,,23,28793,4,€0.25/kWh; andere tarieven voor oudere auto's,97912,Horst Supercharger,2 Tienrayseweg,,Horst,,5961,159,,51.470106,6.05724,,,,,,,0,138473,27,,,50,,3,,,,120,30,,12,,,,,,,,,,,,,,,,,,,,,,,,,,,,,,,,12,"Charging12 Superchargers, available 24/7, up to 120kW",,,50,2019-03-22T20:56:00Z,,1,2018-01-21T15:46:00Z,200,,,,,,,,,,,,,,,
,,,,,,,,false,,97447,D517C482-FA63-44E8-8D1F-2DCB239DAA2A,,1,,23,38163,4,,97793,Logis Hotel Restaurant Faber,Meint Veningastraat 123,,Hoogezand,,9601 KE,159,,53.163936,6.755294,+31 598393336,,,,,,0,138354,30,,,50,,2,,32,230,17,20,,1,,,,,,,,,,,,,,,,,,,,,,,,,,,,,,,,1,"1 Tesla Connector, up to 17kW.Available for customers. Please see front desk.",,,50,2018-10-03T23:52:00Z,,1,2018-01-21T15:27:00Z,200,,,,,,,,,,,,,,,
,,,,,,,,false,,97435,23E86A9E-15E4-453B-B1C2-0768C40D4081,,1,,23,39267,4,€0.25/kWh; andere tarieven voor oudere auto's,97781,Emmeloord Supercharger,9 Het Hooiveld,,Emmeloord,,,159,,52.727405,5.764609,,,,,,,0,138342,27,,,50,,3,,,,120,30,,10,,,,,,,,,,,,,,,,,,,,,,,,,,,,,,,,10,"Charging10 Superchargers, available 24/7, up to 120kW",,,50,2019-03-23T07:47:00Z,,1,2018-01-21T15:25:00Z,200,,,,,,,,,,,,,,,
,,,,,,,,false,,97402,EB1CC793-DFBC-4645-A9E8-30F2D63083F1,,1,,23,38835,4,,97748,Logis Strandhotel Camperduin,Heereweg 395,,Schoorl,,1871 GL,159,,52.726387,4.644627,+31 72 509 1436,,,,,,0,138309,30,,,50,,2,,16,400,11,20,,1,,,,,,,,,,,,,,,,,,,,,,,,,,,,,,,,1,"1 Tesla Connector, up to 11kW.Available for customers. Self park.",,,50,2018-10-03T15:44:00Z,,1,2018-01-21T15:20:00Z,200,,,,,,,,,,,,,,,
,,,,,,,,false,,95902,A7859FB1-7BBD-4DDA-904B-572E6B10C1A7,,1,,45,,7,unknown,96248,Renault Oving,Nagelerweg 6,,Emmeloord,Flevoland,,159,,52.70343518821619,5.755553459802281,,,,,http://www.oving.nl,,0,135854,25,,,0,,2,,32,240,22,20,,1,,,,,,,,,,,,,,,,,,,,,,,,,,,,,,,,1,,,,50,2017-11-30T08:15:00Z,,1,2017-11-29T11:25:00Z,200,,,,,,,,,,,,,,,
,,,,,,,,false,,95870,FEFA2DFD-4BBA-4100-B01A-D87AD7F154A0,,1,,103,,1,,96216,Paladijnenweg 2,Paladijnenweg 2,,Amersfoort,,3813DJ,159,,52.167459,5.37940070000002,,,,,,,0,135804,25,,,50,,2,,,,11,,,2,,,,,,,,,,,,,,,,,,,,,,,,,,,,,,,,2,,,,50,2017-11-28T11:10:00Z,,1,2017-11-28T09:06:00Z,200,,,,,,,,,,,,,,,
,,,,,,,,false,,95869,2D9E97E8-3647-4404-8802-D731C9FC5ECF,,1,,103,,1,,96215,Paladijnenweg 51,Paladijnenweg 51,,Amersfoort,,3813DB,159,,52.1685049353294,5.38477867841721,,,,,,,0,135803,25,,,50,,2,,,,11,,,2,,,,,,,,,,,,,,,,,,,,,,,,,,,,,,,,2,,,,50,2017-11-28T11:10:00Z,,1,2017-11-28T08:29:00Z,200,,,,,,,,,,,,,,,
,,,,,,,,false,,95477,DF3F583E-933C-4DE9-952B-2083952E2FCF,,1,,23,37743,4,,95823,Hotel Restaurant Zalen Hoogeerd,Maasbandijk 10,,Niftrik/Wijchen,,6606 KB,159,,51.798564,5.688385,+31 246414032,,,,,,0,135260,30,,,50,,2,,32,230,7,10,,1,,,,,,,,,,,,,,,,,,,,,,,,,,,,,,,,1,"1 Tesla Connector, up to 7kW.Available for customers. Self park.",,,50,2018-10-03T15:57:00Z,,1,2017-11-12T06:49:00Z,200,,,,,,,,,,,,,,,
,,,,,,,,false,,95267,61443751-2B5E-457B-945A-4D94216E3D88,,1,,23,37227,4,,95613,Landal Amerongse Berg,Dwarsweg 73a,,Overberg,,3959 AE,159,,52.031574,5.518599,+31 318 509 070,,,,,,0,134935,30,,,50,,2,,16,400,11,20,,1,,,,,,,,,,,,,,,,,,,,,,,,,,,,,,,,1,"1 Tesla Connector, up to 11kW.Available for customers. Self park.",,,50,2018-10-04T00:03:00Z,,1,2017-11-05T07:05:00Z,200,,,,,,,,,,,,,,,
,,,,,,,,false,,95196,B6D8FCBB-FA0C-4D88-9F79-ED7B05960F9F,,1,,23,37208,4,,95542,Landgoed de Wilmersberg,Rhododendronlaan 7,,De Lutte,,7587 NL,159,,52.309942,6.959972,+31 541585555,,,,,,0,134864,30,,,50,,2,,32,230,14,20,,2,,,,,,,,,,,,,,,,,,,,,,,,,,,,,,,,2,"2 Tesla Connectors, up to 14kW.Available for customers. Self park.",,,50,2018-10-04T06:18:00Z,,1,2017-11-05T06:54:00Z,200,,,,,,,,,,,,,,,
,,,,,,,,false,,95189,77962BD5-9910-40CC-9F29-0884D19970FE,,1,,23,37222,4,,95535,Logis Hotel Restaurant Zeezicht,Zuiderhaven 1,,Harlingen,,8861CJ,159,,53.175467,5.413871,+31 517 412 536,,,,,,0,134857,30,,,50,,2,,16,400,11,20,,1,,,,,,,,,,,,,,,,,,,,,,,,,,,,,,,,1,"1 Tesla Connector, up to 11kW.Available for customers. Self park.",,,50,2018-10-03T14:04:00Z,,1,2017-11-05T06:53:00Z,200,,,,,,,,,,,,,,,
,,,,,,,,false,,95177,81B4B633-B2BB-49A8-9969-A5E95DB3BB69,,1,,23,37220,4,,95523,Van der Valk Hotel Cuijk - Nijmegen,Raamweg 10,,Cuijk,,5431 NH,159,,51.735582,5.847405,+31 485335123,,,,,,0,134845,30,,,50,,2,,16,400,22,20,,2,,,,,,,,,,,,,,,,,,,,,,,,,,,,,,,,2,"2 Tesla Connectors, up to 11kW.Available to the public. Self park.",,,50,2018-10-11T15:48:00Z,,1,2017-11-05T06:52:00Z,200,,,,,,,,,,,,,,,
,,,,,,,,false,,95000,B3850E8A-AB11-4F84-B552-81C578FBE7FE,,1,,103,,1,"€ 0,34 kWh",95346,Shopping Centre De Drait ,Eeems,,Drachten ,FRL,,159,,53.0995767995957,6.07442128656658,,,,,,,0,135468,25,,,150,,2,,16,400,11,20,,2,,,,,,,,,,,,,,,,,,,,,,,,,,,,,,,,2,,,,50,2018-08-31T23:03:00Z,,1,2017-10-30T11:24:00Z,200,,,,,,,,,,,,,,,
,,,,,,,,false,,94744,F31C4F29-D652-41EE-9DF4-0DF39051B184,,1,,49,,1,8EUR per 6 hours,95090,Hyatt Place Amsterdam Airport,Rijnlanderweg 800,,Hoofddorp,Noord Holand,1056PP,159,,52.2934458880429,4.71207525901264,+31205421234,,amsterdamairport.place@hyatt.com,EV charging point accessible through hotel's parking lot,http://www.amsterdamairport.place.hyatt.com,,0,133919,25,,,50,,2,,32,230,7.4,10,,4,,,,,,,,,,,,,,,,,,,,,,,,,,,,,,,,4,EV charging point e-card can be collected at hotel's lobby,,,50,2017-10-24T19:04:00Z,,1,2017-10-24T08:15:00Z,200,,,,,,,,,,,,,,,
,,,,,,,,false,,94540,03712882-0F63-462F-84F4-46BF1BD5E373,,1,,23,36729,6,,94886,Conferentiecentrum Samaya,Hollendewagenweg 20,,Werkhoven,,3985SG,159,,52.003186,5.255735,+31 343552332,,,,,,0,133679,30,,,50,,2,,32,230,7,10,,2,,,,,,,,,,,,,,,,,,,,,,,,,,,,,,,,2,"2 Tesla Connectors, up to 7kW.Available for patrons only. Please see front desk.",,,50,2018-10-04T06:15:00Z,,1,2017-10-20T05:37:00Z,200,,,,,,,,,,,,,,,
,,,,,,,,false,,94108,07590A8E-D7A5-4822-9394-B9006AACD9F7,,1,,179,,1,30ct / kwH,94454,Camping Linda,Oostelijke Kanaalweg 4,,Wemeldinge,Zeeland,4424 NC,159,,51.5160306,4.00781740000002,0031(0)411745020,,,,http://www.ecotap.nl,,0,133193,25,,,50,,2,,16,400,11,20,,1,,,,,,,,,,,,,,,,,,,,,,,,,,,,,,,,1,,,,50,2017-10-17T11:57:00Z,,1,2017-10-17T11:42:00Z,200,,,,,,,,,,,,,,,
,,,,,,,,false,,94107,9C38A92C-6736-441F-8CF8-856486C44625,,1,,179,,4,"€0,30/kWh",94453,Gasterij Schoudee,Schoudeeweg 1,,Wemeldinge,Zeeland,4424 NB ,159,,51.516529,4.01120270000001,0031(0)411745020,,,,http://www.ecotap.nl,,0,133192,25,,,50,,2,,16,400,11,20,,1,,,,,,,,,,,,,,,,,,,,,,,,,,,,,,,,1,,,,50,2017-10-17T11:48:00Z,,1,2017-10-17T11:36:00Z,200,,,,,,,,,,,,,,,
,,,,,,,,false,,94031,A4AA2C0A-C6E9-4D11-AA13-CFF23C0416AA,,1,,23,36292,6,,94377,Hotel Wapen Van Delden,Langestraat 242,,Delden,,7491 AN,159,,52.259617,6.682393,+31 743761355,,,,,,0,133085,30,,,50,,2,,16,400,11,20,,2,,,,,,,,,,,,,,,,,,,,,,,,,,,,,,,,2,"2 Tesla Connectors, up to 11kW.Available for patrons only. Please see front desk.",,,50,2018-10-03T23:53:00Z,,1,2017-10-14T05:40:00Z,200,,,,,,,,,,,,,,,
,,,,,,,,false,,94007,14625FF7-A006-4B98-96AF-0240CDD625BD,,1,,23,36282,4,,94353,Radisson Blu Palace Hotel,Pickeplein 8,,Noordwijk,,2202CL,159,,52.241952,4.431662,+31 71 365 30 00,,,,,,0,133061,30,,,50,,2,,32,400,22,20,,1,,,,,,,,,,,,,,,,,,,,,,,,,,,,,,,,1,"1 Tesla Connector, up to 22kW.Available for customers. Self park.",,,50,2018-10-03T22:11:00Z,,1,2017-10-14T05:36:00Z,200,,,,,,,,,,,,,,,
,,,,,,,,false,,93988,F8EEAF26-DE32-4AFB-AD1D-D767A1FB8560,,1,,23,36293,6,,94334,Amadore Hotel Restaurant de Kamperduinen,Patrijzenlaan 1,,Kamperland,,4493RA,159,,51.590083,3.664783,+31 113 37 00 00,,,,,,0,133042,30,,,50,,2,,32,230,14,20,,2,,,,,,,,,,,,,,,,,,,,,,,,,,,,,,,,2,"2 Tesla Connectors, up to 14kW.Available for patrons only. Please see front desk.",,,50,2018-10-04T00:00:00Z,,1,2017-10-14T05:33:00Z,200,,,,,,,,,,,,,,,
,,,,,,,,false,,93977,DDC1BAC9-5927-413B-AD67-65E08E9FC3E6,,1,,23,36274,4,,94323,Ushiem,Tsjerkewei 2,,Oudega,,8614JD,159,,52.989056,5.543616,+31 515 745023,,,,,,0,133031,30,,,50,,2,,16,400,11,20,,2,,,,,,,,,,,,,,,,,,,,,,,,,,,,,,,,2,"2 Tesla Connectors, up to 11kW.Available to the public. Self park.",,,50,2018-10-03T23:48:00Z,,1,2017-10-14T05:32:00Z,200,,,,,,,,,,,,,,,
,,,,,,,,false,,93895,4DDBC216-C377-4D72-88B4-BBF692868D1B,,1,,45,,7,,94241,Restaurant De Kromme Watergang,Slijkplat 6,,Hoofdplaat,,,159,,51.3773242,3.6029031000000487,,,,5x 230V / 16A laadplekken links en rechts van de hoofdingang. Uiteraard bedoeld voor gasten van de Kromme Watergang.,,,0,132918,28,,,50,,2,,16,230,3,10,,5,,,,,,,,,,,,,,,,,,,,,,,,,,,,,,,,5,,,,50,2017-10-11T20:08:00Z,,1,2017-10-11T20:06:00Z,200,,,,,,,,,,,,,,,
,,,,,,,,false,,93749,B1B0E79C-7C06-42FF-B3D8-04B551BDB8A6,,1,,179,,4,Free,94095,Ecotap,Boyleweg 6,,Spijkenisse,,3208LD,159,,51.8561502,4.2972181,,,,,,,0,132787,2,,,50,,3,,125,500,50,30,,1,,132788,33,,,50,,3,,125,500,50,30,,1,,132789,25,,,50,,2,,32,400,22,20,,2,,1,,,,50,2017-10-09T09:03:00Z,,1,2017-10-07T05:51:00Z,200,,,,,,,,,,,,,,,
,,,,,,,,false,,93095,0ED18885-D70E-43A6-9E61-5F3C12A0F0F2,,1,,103,"NLALLEGO0007701,NLALLEGO0007702",4,Free,93441,Kalverdans 17,Kalverdans 17,,Boskoop,,2771 RR,159,,52.07405853,4.63905478,,,,,,,0,131872,25,,,50,,2,,16,400,11,20,,1,,,,,,,,,,,,,,,,,,,,,,,,,,,,,,,,1,,,,50,2017-09-19T09:26:00Z,,1,2017-09-18T15:30:00Z,200,,,,,,,,,,,,,,,
,,,,,,,,false,,93094,D2FFCCE1-96ED-4626-8BED-48E2168FF7E2,,1,,103,"NLALLEGO0003641,NLALLEGO0003642",4,Free,93440,Parklaan 1 B,Parklaan 1 B,,Boskoop,,2771 GB,159,,52.07606506,4.64681053,,,,,,,0,131871,25,,,50,,2,,16,400,11,20,,1,,,,,,,,,,,,,,,,,,,,,,,,,,,,,,,,1,,,,50,2017-09-19T09:27:00Z,,1,2017-09-18T15:30:00Z,200,,,,,,,,,,,,,,,
,,,,,,,,false,,93092,95726894-E31A-4CD0-91AF-4D3237856379,,1,,103,NLALLEGO0018312,4,Free,93438,Raadhuisplein 1,Raadhuisplein 1,,Boskoop,South Holland,2771 EK,159,,52.0751915,4.65680504,,,,,,,0,131869,25,,,50,,2,,16,400,11,20,,2,,,,,,,,,,,,,,,,,,,,,,,,,,,,,,,,2,,,,50,2017-09-19T09:25:00Z,,1,2017-09-18T14:19:00Z,200,,,,,,,,,,,,,,,
,,,,,,,,false,,93001,6833F8DE-CAD2-4F75-90EB-8787ACFDF889,,1,,23,34939,4,,93347,Bierbrouwerij de Koningshoeven - Proeflokaal,Bierbrouwerij de Koningshoeven,,,,5056 RP,159,,51.542956,5.129958,+31 13 572 26 50,,,,,,0,131735,30,,,50,,2,,16,400,11,20,,2,,,,,,,,,,,,,,,,,,,,,,,,,,,,,,,,2,"2 Tesla Connectors, up to 11kW.Available for customers. Please call ahead.",,,50,2018-10-03T22:38:00Z,,1,2017-09-15T05:35:00Z,200,,,,,,,,,,,,,,,
,,,,,,,,false,,92984,1CA601CD-B81E-4952-B862-9C3DD77178ED,,1,,23,34922,6,,93330,Olympia Charters Sloepenverhuur,Olympia Charters Sloepenverhuur,,,,2361 KZ,159,,52.189745,4.503932,+31 71 30 10 043,,,,,,0,131718,30,,,50,,2,,32,230,17,20,,1,,,,,,,,,,,,,,,,,,,,,,,,,,,,,,,,1,"1 Tesla Connector, up to 17kW.Available for patrons only. Please see front desk.",,,50,2018-10-03T23:57:00Z,,1,2017-09-15T05:31:00Z,200,,,,,,,,,,,,,,,
,,,,,,,,false,,92556,F9803737-1EAE-4F70-B65E-DA0FED9F8F14,,1,,23,33681,7,,92902,Ramada the Hague - Scheveningen,Zwolsestraat 17,,Den Haag,,2587 TX,159,,52.113888,4.285957,+31 70 30 65 500,,,,,,0,131157,30,,,50,,2,,32,400,22,20,,1,,,,,,,,,,,,,,,,,,,,,,,,,,,,,,,,1,"1 Tesla Connector, up to 22kW.Available by reservation only. Please call ahead.",,,50,2018-10-03T23:38:00Z,,1,2017-09-07T06:01:00Z,200,,,,,,,,,,,,,,,
,,,,,,,,false,,92511,3A8003D2-ECBB-463F-ACFB-AB28ABA46C1D,,1,,23,33675,6,,92857,Hotel/Restaurant Duinoord,Breezand 65,,Vrouwenpolder,,4354 NL,159,,51.586036,3.621077,+31 118 591 346,,,,,,0,131112,30,,,50,,2,,16,400,11,20,,1,,,,,,,,,,,,,,,,,,,,,,,,,,,,,,,,1,"1 Tesla Connector, up to 11kW.Available for patrons only. Please see front desk.",,,50,2019-06-05T11:40:00Z,,1,2017-09-07T05:54:00Z,200,,,,,,,,,,,,,,,
,,,,,,,,false,,92451,C282046B-7759-4FCF-A780-96C5923EDFA8,,1,,23,33692,6,,92797,Amadore Hotel Restaurant Arion,Boulevard Bankert 266,,Vlissingen,,4382 AC,159,,51.446344,3.564244,+31 11 84 10 502,,,,,,0,131052,30,,,50,,2,,32,230,14,20,,2,,,,,,,,,,,,,,,,,,,,,,,,,,,,,,,,2,"2 Tesla Connectors, up to 14kW.Available for patrons only. Please see front desk.",,,50,2018-10-03T22:25:00Z,,1,2017-09-07T05:43:00Z,200,,,,,,,,,,,,,,,
,,,,,,,,false,,92383,42D0236E-C5F2-4483-9DD4-C7D0C3F9391F,,1,,1,,4,"€0,28 - €0,30 per kW/h",92729,"Max Planckstraat - Sterrenschool ""Het Universum""",Max Planckstraat 23,,Almere,Flevoland,1341 DA,159,,52.3590251572708,5.28448820114136,+31304100887,,,Parking lot next to school,http://www.pitpoint.nl/ev-mra,,0,130952,25,,,50,,2,,,,11,10,,2,,,,,,,,,,,,,,,,,,,,,,,,,,,,,,,,1,,,,50,2017-09-03T15:16:00Z,,1,2017-09-03T10:41:00Z,200,,,,,,,,,,,,,,,
,,,,,,,,false,,91781,5FE5B821-28D4-4C69-B8CB-79E9BAB75771,,1,,23,29203,4,,92127,Designer Outlet Roermond,Stadsweide 2,,Roermond,,6041 TD,159,,51.199222,5.988171,+31 475 35 17 77,,,,,,0,130130,30,,,50,,2,,32,400,22,20,,13,,,,,,,,,,,,,,,,,,,,,,,,,,,,,,,,13,"13 Tesla Connectors, up to 22kW.Available to the public. Self park.",,,50,2018-10-03T23:49:00Z,,1,2017-08-18T07:35:00Z,200,,,,,,,,,,,,,,,
,,,,,,,,false,,91767,B3C5E6F6-F41C-430E-88E8-CD17B40D232C,,1,,47,UTPITEN057,1,Free,92113,J. M. De Muinck Keizerlaan 27,Keizerlaan 27,,Utrecht ,,3555 JT,159,,52.116711,5.0844572,,,,,,,0,130096,25,,,50,,2,,16,400,11,20,,1,,,,,,,,,,,,,,,,,,,,,,,,,,,,,,,,2,,,,50,2017-08-17T17:03:00Z,,1,2017-08-17T10:30:00Z,200,,,,,,,,,,,,,,,
,,,,,,,,false,,90760,AF876771-BFE3-44DD-8843-B199CC5CD162,,1,,1,,5,2€ / 10 KW,91106,Flevo Marina,Overstag,,Lelystad ,,,159,,52.5504124146232,5.46084344387054,,,,,,,0,128491,28,,,0,,,,,,,,,,,,,,,,,,,,,,,,,,,,,,,,,,,,,,,,,1,,,,50,2017-07-23T14:03:00Z,,1,2017-07-22T23:02:00Z,200,,,,,,,,,,,,,,,
,,,,,,,,false,,90554,2BF7C946-E5B1-4921-B1A3-AFEDD2C82387,,1,,47,03001930,6,"€0,25/kWh",90900,Nassaulaan 36,Nassaulaan 36,,Baarn,,3743 CD,159,,52.2127278,5.27831930000002,0620437571,,engelsman.nico@gmail.com,,,,0,128241,25,,,50,,2,,32,400,22,20,,1,,,,,,,,,,,,,,,,,,,,,,,,,,,,,,,,1,,,,50,2017-07-20T13:02:00Z,,1,2017-07-17T18:41:00Z,200,,,,,,,,,,,,,,,
,,,,,,,,false,,90311,F5293125-0AA6-4522-997F-C13DD0618844,,1,,23,30566,7,,90657,Het Bosch @ the Waterfront,Jollenpad 10,,Amsterdam,,1081KC,159,,52.335616,4.848441,+31 20 64 45 800,,,,,,0,127964,30,,,50,,2,,32,400,22,20,,2,,,,,,,,,,,,,,,,,,,,,,,,,,,,,,,,2,"2 Tesla Connectors, up to 22kW.Available by reservation only. Please see front desk.",,,50,2018-10-03T16:10:00Z,,1,2017-07-13T14:44:00Z,200,,,,,,,,,,,,,,,
,,,,,,,,false,,90203,39B5F6CF-AF3E-4651-9094-9B3104CC209A,,1,,23,31522,6,,90549,Logement Aan de Vecht,Straatweg 30,,Breukelen,,3621 BN,159,,52.157467,5.019031,+31 61 28 60 234,,,,,,0,127856,30,,,50,,2,,32,400,22,20,,2,,,,,,,,,,,,,,,,,,,,,,,,,,,,,,,,2,"2 Tesla Connectors, up to 22kW.Available for patrons only. Please see front desk.",,,50,2018-10-03T23:09:00Z,,1,2017-07-13T14:14:00Z,200,,,,,,,,,,,,,,,
,,,,,,,,false,,88897,0025FB95-727C-42A9-BC04-938C9FC4EA64,,1,,103,"NLALLEGO0010681,NLALLEGO0010681,NLALLEGO0010682",1,Free,89243,P-Havenpoort (’s Heer Lauwensdorp),'s Heer Lauwendorp 14,,Zierikzee,Zeeland,4301 RA,159,,51.6463230727093,3.92646601719661,,,,"Paalcode:Allego NLALLEGO0010682
Adres:'s Heer Lauwendorp 14
pc/plaats:4301 RA Schouwen-Duivenland
Status:Laadpunten vrij: 1   bezet: 0   in storing: 0
website:http://www.allego.eu/
tel:+(31)-(800)-3745337
openingstijden:24h
",http://allegoa.nl,,0,126155,25,,,50,,2,,,230,,20,,2,,,,,,,,,,,,,,,,,,,,,,,,,,,,,,,,2,,,,50,2017-09-19T09:27:00Z,,1,2017-06-11T13:28:00Z,200,,,,,,,,,,,,,,,
,,,,,,,,false,,88878,12146942-0E5D-4096-A5EE-5DF9A2AB5986,,1,,23,30599,6,,89224,Hotel Ibis Tilburg,DR. Hub Van Doorneweg 105,,Tilburg,,5026 RB,159,,51.541908,5.050957,+31 13 46 36 465,,,,,,0,126126,30,,,50,,2,,32,400,22,20,,1,,,,,,,,,,,,,,,,,,,,,,,,,,,,,,,,1,"1 Tesla Connector, up to 22kW.Available for patrons only. Self park.",,,50,2018-10-03T22:31:00Z,,1,2017-06-09T15:20:00Z,200,,,,,,,,,,,,,,,
